DateTime,Bitcoin Price Linear
2009-10-05,0.001
2009-10-06,0.001
2009-10-07,0.001
2009-10-08,0.001
2009-10-09,0.001
2009-10-10,0.001
2009-10-11,0.001
2009-10-12,0.001
2009-10-13,0.001
2009-10-14,0.001
2009-10-15,0.001
2009-10-16,0.001
2009-10-17,0.001
2009-10-18,0.001
2009-10-19,0.001
2009-10-20,0.001
2009-10-21,0.001
2009-10-22,0.001
2009-10-23,0.001
2009-10-24,0.001
2009-10-25,0.001
2009-10-26,0.001
2009-10-27,0.001
2009-10-28,0.001
2009-10-29,0.001
2009-10-30,0.001
2009-10-31,0.001
2009-11-01,0.001
2009-11-02,0.001
2009-11-03,0.001
2009-11-04,0.001
2009-11-05,0.001
2009-11-06,0.001
2009-11-07,0.001
2009-11-08,0.001
2009-11-09,0.001
2009-11-10,0.001
2009-11-11,0.001
2009-11-12,0.001
2009-11-13,0.001
2009-11-14,0.001
2009-11-15,0.001
2009-11-16,0.001
2009-11-17,0.001
2009-11-18,0.001
2009-11-19,0.001
2009-11-20,0.001
2009-11-21,0.001
2009-11-22,0.001
2009-11-23,0.001
2009-11-24,0.001
2009-11-25,0.001
2009-11-26,0.001
2009-11-27,0.001
2009-11-28,0.001
2009-11-29,0.001
2009-11-30,0.001
2009-12-01,0.001
2009-12-02,0.001
2009-12-03,0.001
2009-12-04,0.001
2009-12-05,0.001
2009-12-06,0.001
2009-12-07,0.001
2009-12-08,0.001
2009-12-09,0.001
2009-12-10,0.001
2009-12-11,0.001
2009-12-12,0.001
2009-12-13,0.001
2009-12-14,0.001
2009-12-15,0.001
2009-12-16,0.001
2009-12-17,0.001
2009-12-18,0.001
2009-12-19,0.001
2009-12-20,0.001
2009-12-21,0.001
2009-12-22,0.001
2009-12-23,0.001
2009-12-24,0.001
2009-12-25,0.001
2009-12-26,0.001
2009-12-27,0.001
2009-12-28,0.001
2009-12-29,0.001
2009-12-30,0.001
2009-12-31,0.001
2010-01-31,0.004
2010-02-28,0.014
2010-03-31,0.031
2010-04-30,0.011
2010-05-31,0.04
2010-06-30,0.07
2010-07-17,0.05
2010-07-18,0.059
2010-07-19,0.077
2010-07-20,0.074
2010-07-21,0.066
2010-07-22,0.051
2010-07-23,0.051
2010-07-24,0.05
2010-07-25,0.051
2010-07-26,0.05
2010-07-27,0.053
2010-07-28,0.054
2010-07-29,0.057
2010-07-30,0.058
2010-07-31,0.056
2010-08-01,0.06
2010-08-02,0.06
2010-08-03,0.059
2010-08-04,0.057
2010-08-05,0.058
2010-08-06,0.061
2010-08-07,0.059
2010-08-08,0.059
2010-08-09,0.059
2010-08-10,0.067
2010-08-11,0.06
2010-08-12,0.061
2010-08-13,0.065
2010-08-14,0.065
2010-08-15,0.065
2010-08-16,0.062
2010-08-17,0.062
2010-08-18,0.067
2010-08-19,0.067
2010-08-20,0.065
2010-08-21,0.064
2010-08-22,0.061
2010-08-23,0.063
2010-08-24,0.065
2010-08-25,0.064
2010-08-26,0.064
2010-08-27,0.063
2010-08-28,0.064
2010-08-29,0.064
2010-08-30,0.032
2010-08-31,0.06
2010-09-01,0.06
2010-09-02,0.06
2010-09-03,0.061
2010-09-04,0.061
2010-09-05,0.061
2010-09-06,0.062
2010-09-07,0.06
2010-09-08,0.061
2010-09-09,0.061
2010-09-10,0.06
2010-09-11,0.062
2010-09-12,0.062
2010-09-13,0.061
2010-09-14,0.061
2010-09-15,0.06
2010-09-16,0.062
2010-09-17,0.059
2010-09-18,0.058
2010-09-19,0.06
2010-09-20,0.062
2010-09-21,0.062
2010-09-22,0.061
2010-09-23,0.062
2010-09-24,0.062
2010-09-25,0.062
2010-09-26,0.062
2010-09-27,0.062
2010-09-28,0.062
2010-09-29,0.062
2010-09-30,0.062
2010-10-01,0.062
2010-10-02,0.061
2010-10-03,0.061
2010-10-04,0.061
2010-10-05,0.061
2010-10-06,0.061
2010-10-07,0.063
2010-10-08,0.01
2010-10-09,0.068
2010-10-10,0.08
2010-10-11,0.091
2010-10-12,0.082
2010-10-13,0.092
2010-10-14,0.065
2010-10-15,0.092
2010-10-16,0.1
2010-10-17,0.1
2010-10-18,0.097
2010-10-19,0.097
2010-10-20,0.094
2010-10-21,0.097
2010-10-22,0.102
2010-10-23,0.104
2010-10-24,0.108
2010-10-25,0.09
2010-10-26,0.133
2010-10-27,0.151
2010-10-28,0.173
2010-10-29,0.173
2010-10-30,0.188
2010-10-31,0.171
2010-11-01,0.172
2010-11-02,0.191
2010-11-03,0.125
2010-11-04,0.193
2010-11-05,0.21
2010-11-06,0.24
2010-11-07,0.286
2010-11-08,0.226
2010-11-09,0.199
2010-11-10,0.14
2010-11-11,0.21
2010-11-12,0.223
2010-11-13,0.268
2010-11-14,0.27
2010-11-15,0.268
2010-11-16,0.223
2010-11-17,0.212
2010-11-18,0.222
2010-11-19,0.268
2010-11-20,0.268
2010-11-21,0.276
2010-11-22,0.269
2010-11-23,0.276
2010-11-24,0.276
2010-11-25,0.278
2010-11-26,0.276
2010-11-27,0.283
2010-11-28,0.27
2010-11-29,0.215
2010-11-30,0.204
2010-12-01,0.21
2010-12-02,0.218
2010-12-03,0.243
2010-12-04,0.205
2010-12-05,0.19
2010-12-06,0.184
2010-12-07,0.17
2010-12-08,0.22
2010-12-09,0.17
2010-12-10,0.183
2010-12-11,0.191
2010-12-12,0.207
2010-12-13,0.21
2010-12-14,0.21
2010-12-15,0.238
2010-12-16,0.222
2010-12-17,0.24
2010-12-18,0.241
2010-12-19,0.24
2010-12-20,0.24
2010-12-21,0.24
2010-12-22,0.244
2010-12-23,0.241
2010-12-24,0.242
2010-12-25,0.248
2010-12-26,0.246
2010-12-27,0.251
2010-12-28,0.261
2010-12-29,0.271
2010-12-30,0.291
2010-12-31,0.292
2011-01-01,0.292
2011-01-02,0.289
2011-01-03,0.29
2011-01-04,0.289
2011-01-05,0.29
2011-01-06,0.29
2011-01-07,0.298
2011-01-08,0.309
2011-01-09,0.323
2011-01-10,0.318
2011-01-11,0.318
2011-01-12,0.318
2011-01-13,0.318
2011-01-14,0.318
2011-01-15,0.385
2011-01-16,0.386
2011-01-17,0.315
2011-01-18,0.305
2011-01-19,0.305
2011-01-20,0.31
2011-01-21,0.368
2011-01-22,0.39
2011-01-23,0.42
2011-01-24,0.381
2011-01-25,0.4
2011-01-26,0.39
2011-01-27,0.409
2011-01-28,0.421
2011-01-29,0.43
2011-01-30,0.445
2011-01-31,0.47
2011-02-01,0.52
2011-02-02,0.69
2011-02-03,0.65
2011-02-04,0.67
2011-02-05,0.812
2011-02-06,0.83
2011-02-07,0.83
2011-02-08,0.862
2011-02-09,0.82
2011-02-10,0.8
2011-02-11,0.926
2011-02-12,0.991
2011-02-13,1.02
2011-02-14,1.033
2011-02-15,1.035
2011-02-16,1.02
2011-02-17,1.02
2011-02-18,0.78
2011-02-19,0.838
2011-02-20,0.83
2011-02-21,0.831
2011-02-22,0.831
2011-02-23,0.868
2011-02-24,0.9
2011-02-25,0.911
2011-02-26,0.911
2011-02-27,0.89
2011-02-28,0.845
2011-03-01,0.85
2011-03-02,0.91
2011-03-03,0.91
2011-03-04,0.9
2011-03-05,0.811
2011-03-06,0.81
2011-03-07,0.846
2011-03-08,0.85
2011-03-09,0.85
2011-03-10,0.85
2011-03-11,0.86
2011-03-12,0.88
2011-03-13,0.89
2011-03-14,0.88
2011-03-15,0.87
2011-03-16,0.836
2011-03-17,0.81
2011-03-18,0.71
2011-03-19,0.731
2011-03-20,0.74
2011-03-21,0.741
2011-03-22,0.741
2011-03-23,0.78
2011-03-24,0.827
2011-03-25,0.861
2011-03-26,0.841
2011-03-27,0.815
2011-03-28,0.76
2011-03-29,0.765
2011-03-30,0.766
2011-03-31,0.768
2011-04-01,0.774
2011-04-02,0.774
2011-04-03,0.777
2011-04-04,0.562
2011-04-05,0.58
2011-04-06,0.69
2011-04-07,0.721
2011-04-08,0.731
2011-04-09,0.721
2011-04-10,0.71
2011-04-11,0.71
2011-04-12,0.77
2011-04-13,0.86
2011-04-14,0.91
2011-04-15,0.911
2011-04-16,0.954
2011-04-17,1.026
2011-04-18,1.11
2011-04-19,1.144
2011-04-20,1.13
2011-04-21,1.14
2011-04-22,1.189
2011-04-23,1.32
2011-04-24,1.6
2011-04-25,1.521
2011-04-26,1.53
2011-04-27,1.72
2011-04-28,1.66
2011-04-29,2.21
2011-04-30,2.75
2011-05-01,2.5
2011-05-02,3.029
2011-05-03,3.11
2011-05-04,3.25
2011-05-05,3.333
2011-05-06,3.29
2011-05-07,3.425
2011-05-08,3.63
2011-05-09,3.691
2011-05-10,3.81
2011-05-11,4.6
2011-05-12,5.22
2011-05-13,6.32
2011-05-14,5.83
2011-05-15,6.2
2011-05-16,6.75
2011-05-17,6.98
2011-05-18,6.6
2011-05-19,6.607
2011-05-20,5.577
2011-05-21,5.577
2011-05-22,5.99
2011-05-23,6.69
2011-05-24,6.96
2011-05-25,7.216
2011-05-26,8.01
2011-05-27,8.5
2011-05-28,8.11
2011-05-29,8.102
2011-05-30,8.25
2011-05-31,8.1
2011-06-01,8.3
2011-06-02,9.5
2011-06-03,10.575
2011-06-04,14.04
2011-06-05,16.2
2011-06-06,16.451
2011-06-07,18.26
2011-06-08,22.214
2011-06-09,26.151
2011-06-10,20.01
2011-06-11,13
2011-06-12,10.25
2011-06-13,16
2011-06-14,18.001
2011-06-15,19.022
2011-06-16,17
2011-06-17,13
2011-06-18,15.052
2011-06-19,16.85
2011-06-20,16.22
2011-06-21,15.89
2011-06-22,15.45
2011-06-23,15.03
2011-06-24,14.72
2011-06-25,14.27
2011-06-26,16.5
2011-06-27,16.8
2011-06-28,17
2011-06-29,16.9
2011-06-30,16.1
2011-07-01,15.4
2011-07-02,15.4
2011-07-03,15.4
2011-07-04,13.9
2011-07-05,12.9
2011-07-06,14.8
2011-07-07,14.8
2011-07-08,14.3
2011-07-09,14.4
2011-07-10,14.9
2011-07-11,14.2
2011-07-12,14
2011-07-13,13.9
2011-07-14,14
2011-07-15,13.8
2011-07-16,13.7
2011-07-17,13.2
2011-07-18,13.5
2011-07-19,13.9
2011-07-20,13.7
2011-07-21,13.6
2011-07-22,13.7
2011-07-23,13.7
2011-07-24,14
2011-07-25,14.1
2011-07-26,13.9
2011-07-27,13.9
2011-07-28,13.5
2011-07-29,13.5
2011-07-30,13.5
2011-07-31,13.4
2011-08-01,13.1
2011-08-02,12.1
2011-08-03,9.3
2011-08-04,10.8
2011-08-05,9.8
2011-08-06,6.6
2011-08-07,7.9
2011-08-08,7.8
2011-08-09,10
2011-08-10,10
2011-08-11,9.5
2011-08-12,9.5
2011-08-13,10.1
2011-08-14,10.8
2011-08-15,11.1
2011-08-16,11
2011-08-17,10.9
2011-08-18,10.9
2011-08-19,11.69
2011-08-20,11.7
2011-08-21,11.7
2011-08-22,11.7
2011-08-23,10.9
2011-08-24,10.5
2011-08-25,10
2011-08-26,8.2
2011-08-27,8.6
2011-08-28,9.1
2011-08-29,9
2011-08-30,8
2011-08-31,8.2
2011-09-01,8.22
2011-09-02,8.88
2011-09-03,8.5
2011-09-04,8.89
2011-09-05,7.6
2011-09-06,8
2011-09-07,8.5
2011-09-08,7.4
2011-09-09,5
2011-09-10,4.8
2011-09-11,5.9
2011-09-12,6.1
2011-09-13,5.97
2011-09-14,5.53
2011-09-15,5.13
2011-09-16,4.85
2011-09-17,4.87
2011-09-18,4.92
2011-09-19,4.9
2011-09-20,5.66
2011-09-21,5.66
2011-09-22,5.72
2011-09-23,5.72
2011-09-24,5.68
2011-09-25,6.05
2011-09-26,4.8
2011-09-27,4.92
2011-09-28,4.82
2011-09-29,4.82
2011-09-30,5.1
2011-10-01,5
2011-10-02,5
2011-10-03,4.87
2011-10-04,4.98
2011-10-05,4.92
2011-10-06,4.8
2011-10-07,4.61
2011-10-08,3.99
2011-10-09,3.89
2011-10-10,4.51
2011-10-11,4.1
2011-10-12,3.93
2011-10-13,3.97
2011-10-14,4.05
2011-10-15,3.8
2011-10-16,3.6
2011-10-17,3.92
2011-10-18,2.4
2011-10-19,2.3
2011-10-20,2.24
2011-10-21,2.27
2011-10-22,3.2
2011-10-23,3.2
2011-10-24,2.92
2011-10-25,2.72
2011-10-26,2.69
2011-10-27,3
2011-10-28,4.2
2011-10-29,3.95
2011-10-30,3.5
2011-10-31,3.3
2011-11-01,3.33
2011-11-02,3.3
2011-11-03,3.2
2011-11-04,3.55
2011-11-05,3
2011-11-06,2.95
2011-11-07,3
2011-11-08,3.08
2011-11-09,3.3
2011-11-10,3.3
2011-11-11,3.3
2011-11-12,3.35
2011-11-13,3.35
2011-11-14,2.47
2011-11-15,2.5
2011-11-16,3
2011-11-17,2.99
2011-11-18,2.5
2011-11-19,2.43
2011-11-20,2.37
2011-11-21,2.25
2011-11-22,2.59
2011-11-23,2.3
2011-11-24,3
2011-11-25,2.75
2011-11-26,2.77
2011-11-27,2.5
2011-11-28,2.66
2011-11-29,2.72
2011-11-30,3.19
2011-12-01,3.42
2011-12-02,3.04
2011-12-03,2.93
2011-12-04,2.8
2011-12-05,2.93
2011-12-06,2.98
2011-12-07,3.3
2011-12-08,3.3
2011-12-09,3
2011-12-10,3.2
2011-12-11,3.27
2011-12-12,3.48
2011-12-13,3.56
2011-12-14,3.47
2011-12-15,3.45
2011-12-16,3.44
2011-12-17,3.2
2011-12-18,3.5
2011-12-19,3.85
2011-12-20,4.55
2011-12-21,4.38
2011-12-22,4.17
2011-12-23,4.22
2011-12-24,4.33
2011-12-25,4.27
2011-12-26,4.33
2011-12-27,4.29
2011-12-28,4.3
2011-12-29,4.5
2011-12-30,4.21
2011-12-31,4.58
2012-01-01,5
2012-01-02,5
2012-01-03,5.29
2012-01-04,5.57
2012-01-05,6.65
2012-01-06,6
2012-01-07,6.8
2012-01-08,7
2012-01-09,6.3
2012-01-10,7.14
2012-01-11,7
2012-01-12,6.51
2012-01-13,6.6
2012-01-14,6.3
2012-01-15,7.15
2012-01-16,7.1
2012-01-17,6
2012-01-18,7.1
2012-01-19,6.22
2012-01-20,6.95
2012-01-21,6.77
2012-01-22,6.79
2012-01-23,6.52
2012-01-24,6.55
2012-01-25,6.31
2012-01-26,5.5
2012-01-27,5.88
2012-01-28,4.91
2012-01-29,5.5
2012-01-30,5.58
2012-01-31,5.3
2012-02-01,5.88
2012-02-02,6.28
2012-02-03,6.3
2012-02-04,5.94
2012-02-05,5.6
2012-02-06,5.6
2012-02-07,5.69
2012-02-08,5.87
2012-02-09,5.89
2012-02-10,5.88
2012-02-11,5.5
2012-02-12,5.67
2012-02-13,5.79
2012-02-14,4.89
2012-02-15,4.69
2012-02-16,4.51
2012-02-17,4.67
2012-02-18,4.23
2012-02-19,4.38
2012-02-20,4.44
2012-02-21,4.58
2012-02-22,4.51
2012-02-23,5.22
2012-02-24,4.95
2012-02-25,5
2012-02-26,4.98
2012-02-27,5.04
2012-02-28,4.88
2012-02-29,4.99
2012-03-01,5
2012-03-02,4.79
2012-03-03,4.65
2012-03-04,4.81
2012-03-05,5.06
2012-03-06,4.98
2012-03-07,4.93
2012-03-08,5.01
2012-03-09,4.93
2012-03-10,4.94
2012-03-11,5
2012-03-12,4.99
2012-03-13,5.3
2012-03-14,5.27
2012-03-15,5.39
2012-03-16,5.26
2012-03-17,5.42
2012-03-18,5.25
2012-03-19,4.83
2012-03-20,4.79
2012-03-21,4.96
2012-03-22,4.91
2012-03-23,4.78
2012-03-24,4.83
2012-03-25,4.54
2012-03-26,4.73
2012-03-27,4.84
2012-03-28,4.93
2012-03-29,4.84
2012-03-30,4.88
2012-03-31,4.9
2012-04-01,4.89
2012-04-02,5.04
2012-04-03,4.99
2012-04-04,5.01
2012-04-05,5
2012-04-06,4.99
2012-04-07,4.7
2012-04-08,4.76
2012-04-09,4.75
2012-04-10,4.8
2012-04-11,4.92
2012-04-12,4.93
2012-04-13,4.93
2012-04-14,4.96
2012-04-15,4.99
2012-04-16,4.98
2012-04-17,4.98
2012-04-18,5.16
2012-04-19,5.13
2012-04-20,5.38
2012-04-21,5.24
2012-04-22,5.17
2012-04-23,5
2012-04-24,5.08
2012-04-25,5.14
2012-04-26,4.98
2012-04-27,5.04
2012-04-28,4.91
2012-04-29,4.91
2012-04-30,5
2012-05-01,4.97
2012-05-02,5.06
2012-05-03,5.1
2012-05-04,5.07
2012-05-05,5.04
2012-05-06,5.08
2012-05-07,5.05
2012-05-08,5.02
2012-05-09,5.02
2012-05-10,4.87
2012-05-11,4.95
2012-05-12,4.91
2012-05-13,4.94
2012-05-14,4.93
2012-05-15,4.95
2012-05-16,5.04
2012-05-17,5.02
2012-05-18,5.07
2012-05-19,5.07
2012-05-20,5.03
2012-05-21,5.08
2012-05-22,5.03
2012-05-23,5.1
2012-05-24,5.12
2012-05-25,5.08
2012-05-26,5.07
2012-05-27,5.07
2012-05-28,5.07
2012-05-29,5.11
2012-05-30,5.14
2012-05-31,5.17
2012-06-01,5.22
2012-06-02,5.19
2012-06-03,5.19
2012-06-04,5.22
2012-06-05,5.37
2012-06-06,5.41
2012-06-07,5.53
2012-06-08,5.61
2012-06-09,5.48
2012-06-10,5.42
2012-06-11,5.52
2012-06-12,5.71
2012-06-13,5.86
2012-06-14,5.9
2012-06-15,6.42
2012-06-16,6.41
2012-06-17,6.19
2012-06-18,6.06
2012-06-19,6.46
2012-06-20,6.64
2012-06-21,6.64
2012-06-22,6.59
2012-06-23,6.45
2012-06-24,6.4
2012-06-25,6.26
2012-06-26,6.41
2012-06-27,6.49
2012-06-28,6.5
2012-06-29,6.52
2012-06-30,6.61
2012-07-01,6.52
2012-07-02,6.61
2012-07-03,6.44
2012-07-04,6.44
2012-07-05,6.6
2012-07-06,6.59
2012-07-07,6.79
2012-07-08,6.73
2012-07-09,6.94
2012-07-10,7.08
2012-07-11,7.14
2012-07-12,7.59
2012-07-13,7.59
2012-07-14,7.55
2012-07-15,7.57
2012-07-16,8.3
2012-07-17,8.55
2012-07-18,9
2012-07-19,8.76
2012-07-20,8.44
2012-07-21,8.74
2012-07-22,8.42
2012-07-23,8.59
2012-07-24,8.61
2012-07-25,8.64
2012-07-26,8.75
2012-07-27,8.83
2012-07-28,8.88
2012-07-29,8.71
2012-07-30,9
2012-07-31,9.28
2012-08-01,9.45
2012-08-02,10.44
2012-08-03,10.79
2012-08-04,10.51
2012-08-05,10.71
2012-08-06,10.84
2012-08-07,10.75
2012-08-08,10.99
2012-08-09,11
2012-08-10,11.32
2012-08-11,11.38
2012-08-12,11.49
2012-08-13,11.89
2012-08-14,12.25
2012-08-15,13.01
2012-08-16,13.42
2012-08-17,12.5
2012-08-18,11.54
2012-08-19,8.06
2012-08-20,10.05
2012-08-21,10.18
2012-08-22,9.96
2012-08-23,10.02
2012-08-24,10.37
2012-08-25,10.57
2012-08-26,10.31
2012-08-27,10.78
2012-08-28,11
2012-08-29,10.78
2012-08-30,10.65
2012-08-31,10.16
2012-09-01,9.91
2012-09-02,10.18
2012-09-03,10.55
2012-09-04,10.36
2012-09-05,10.99
2012-09-06,11.02
2012-09-07,11.03
2012-09-08,10.97
2012-09-09,10.98
2012-09-10,10.95
2012-09-11,11.04
2012-09-12,11.14
2012-09-13,11.3
2012-09-14,11.5
2012-09-15,11.63
2012-09-16,11.75
2012-09-17,11.85
2012-09-18,11.91
2012-09-19,12.32
2012-09-20,12.28
2012-09-21,12.19
2012-09-22,11.97
2012-09-23,11.99
2012-09-24,11.9
2012-09-25,11.75
2012-09-26,12.2
2012-09-27,12.22
2012-09-28,12.28
2012-09-29,12.28
2012-09-30,12.22
2012-10-01,12.14
2012-10-02,12.64
2012-10-03,12.9
2012-10-04,12.57
2012-10-05,12.5
2012-10-06,12.39
2012-10-07,11.71
2012-10-08,11.62
2012-10-09,11.99
2012-10-10,12.24
2012-10-11,12.09
2012-10-12,11.9
2012-10-13,11.85
2012-10-14,11.79
2012-10-15,11.66
2012-10-16,11.92
2012-10-17,11.88
2012-10-18,11.8
2012-10-19,11.67
2012-10-20,11.6
2012-10-21,11.32
2012-10-22,11.49
2012-10-23,11.58
2012-10-24,11.4
2012-10-25,10.55
2012-10-26,10
2012-10-27,10.43
2012-10-28,10.54
2012-10-29,10.8
2012-10-30,10.8
2012-10-31,11
2012-11-01,10.85
2012-11-02,10.67
2012-11-03,10.66
2012-11-04,10.64
2012-11-05,10.78
2012-11-06,10.74
2012-11-07,10.8
2012-11-08,10.81
2012-11-09,10.8
2012-11-10,10.81
2012-11-11,10.82
2012-11-12,10.87
2012-11-13,10.87
2012-11-14,10.97
2012-11-15,11.05
2012-11-16,11.46
2012-11-17,11.57
2012-11-18,11.51
2012-11-19,11.65
2012-11-20,11.65
2012-11-21,11.67
2012-11-22,11.88
2012-11-23,12.16
2012-11-24,12.25
2012-11-25,12.31
2012-11-26,12.2
2012-11-27,12.07
2012-11-28,12.22
2012-11-29,12.37
2012-11-30,12.43
2012-12-01,12.34
2012-12-02,12.42
2012-12-03,12.6
2012-12-04,12.59
2012-12-05,13.2
2012-12-06,13.45
2012-12-07,13.37
2012-12-08,13.36
2012-12-09,13.29
2012-12-10,13.3
2012-12-11,13.35
2012-12-12,13.49
2012-12-13,13.52
2012-12-14,13.51
2012-12-15,13.38
2012-12-16,13.27
2012-12-17,13.2
2012-12-18,13.13
2012-12-19,13.4
2012-12-20,13.35
2012-12-21,13.2
2012-12-22,13.2
2012-12-23,13.14
2012-12-24,13.23
2012-12-25,13.24
2012-12-26,13.18
2012-12-27,13.2
2012-12-28,13.18
2012-12-29,13.22
2012-12-30,13.2
2012-12-31,13.24
2013-01-01,13.22
2013-01-02,13.09
2013-01-03,13.19
2013-01-04,13.19
2013-01-05,13.15
2013-01-06,13.15
2013-01-07,13.2
2013-01-08,13.5
2013-01-09,13.58
2013-01-10,14
2013-01-11,14
2013-01-12,13.89
2013-01-13,13.64
2013-01-14,14.1
2013-01-15,14.2
2013-01-16,14.53
2013-01-17,15.36
2013-01-18,15.57
2013-01-19,15.38
2013-01-20,15.5
2013-01-21,16.52
2013-01-22,17.35
2013-01-23,17.5
2013-01-24,17.29
2013-01-25,17.49
2013-01-26,17.49
2013-01-27,17.6
2013-01-28,18.67
2013-01-29,19.35
2013-01-30,19.45
2013-01-31,20.46
2013-02-01,20.35
2013-02-02,19.82
2013-02-03,20.29
2013-02-04,20.3
2013-02-05,20.5
2013-02-06,20.91
2013-02-07,21.71
2013-02-08,22.4
2013-02-09,23.14
2013-02-10,23.7
2013-02-11,23.94
2013-02-12,25.47
2013-02-13,25
2013-02-14,27.4
2013-02-15,27
2013-02-16,27.5
2013-02-17,26.98
2013-02-18,26.92
2013-02-19,29.39
2013-02-20,30
2013-02-21,30
2013-02-22,30.4
2013-02-23,29.54
2013-02-24,29.78
2013-02-25,30.43
2013-02-26,31.1
2013-02-27,31.31
2013-02-28,33.53
2013-03-01,34.55
2013-03-02,34.16
2013-03-03,34.33
2013-03-04,36.52
2013-03-05,40.75
2013-03-06,42.32
2013-03-07,41.68
2013-03-08,43.76
2013-03-09,46
2013-03-10,45.29
2013-03-11,48.25
2013-03-12,44.84
2013-03-13,46.99
2013-03-14,46.95
2013-03-15,46.9
2013-03-16,46.74
2013-03-17,47.24
2013-03-18,50.35
2013-03-19,59.41
2013-03-20,64.2
2013-03-21,72.23
2013-03-22,69.9
2013-03-23,63.9
2013-03-24,70.22
2013-03-25,75.11
2013-03-26,79.81
2013-03-27,89.3
2013-03-28,88.52
2013-03-29,90
2013-03-30,92.11
2013-03-31,96.15
2013-04-01,104.7
2013-04-02,116
2013-04-03,133.78
2013-04-04,135
2013-04-05,141.8
2013-04-06,141
2013-04-07,164.97
2013-04-08,185.6
2013-04-09,229
2013-04-10,162
2013-04-11,83.4
2013-04-12,109.9
2013-04-13,91.64
2013-04-14,91.11
2013-04-15,74
2013-04-16,68.09
2013-04-17,89.98
2013-04-18,109.3
2013-04-19,117.71
2013-04-20,126.55
2013-04-21,118.81
2013-04-22,123.74
2013-04-23,137.29
2013-04-24,149
2013-04-25,141.9
2013-04-26,137.3
2013-04-27,128.8
2013-04-28,135.28
2013-04-29,143.31
2013-04-30,139.88
2013-05-01,116.75
2013-05-02,106.81
2013-05-03,98.08
2013-05-04,112.62
2013-05-05,116.57
2013-05-06,112.71
2013-05-07,110
2013-05-08,113.16
2013-05-09,111.96
2013-05-10,117.9
2013-05-11,115.04
2013-05-12,114.5
2013-05-13,115.99
2013-05-14,107
2013-05-15,108.95
2013-05-16,113.35
2013-05-17,116.73
2013-05-18,118.49
2013-05-19,116.38
2013-05-20,116.55
2013-05-21,117.5
2013-05-22,119.11
2013-05-23,123.84
2013-05-24,128.7
2013-05-25,128.97
2013-05-26,129.5
2013-05-27,126.25
2013-05-28,125.92
2013-05-29,130.35
2013-05-30,126.81
2013-05-31,127.91
2013-06-01,128.77
2013-06-02,123
2013-06-03,123.22
2013-06-04,120.57
2013-06-05,121.2
2013-06-06,118.78
2013-06-07,110.18
2013-06-08,109.11
2013-06-09,100.17
2013-06-10,104.22
2013-06-11,107.36
2013-06-12,106.56
2013-06-13,102
2013-06-14,99.01
2013-06-15,99.42
2013-06-16,99.37
2013-06-17,100
2013-06-18,104.5
2013-06-19,105.24
2013-06-20,102.61
2013-06-21,101.8
2013-06-22,100
2013-06-23,100.41
2013-06-24,99.47
2013-06-25,97.87
2013-06-26,98.77
2013-06-27,96.31
2013-06-28,89.96
2013-06-29,88.98
2013-06-30,89.53
2013-07-01,84.5
2013-07-02,88
2013-07-03,77.01
2013-07-04,79.4
2013-07-05,66.93
2013-07-06,66.34
2013-07-07,73.96
2013-07-08,74.4
2013-07-09,75.01
2013-07-10,86.19
2013-07-11,87.13
2013-07-12,90.17
2013-07-13,91.67
2013-07-14,90.03
2013-07-15,93.78
2013-07-16,91.55
2013-07-17,90.97
2013-07-18,85.28
2013-07-19,86.51
2013-07-20,85.04
2013-07-21,85.93
2013-07-22,85.6
2013-07-23,86.98
2013-07-24,88.42
2013-07-25,90.16
2013-07-26,89.95
2013-07-27,88.16
2013-07-28,92.71
2013-07-29,93.39
2013-07-30,96.57
2013-07-31,98.28
2013-08-01,96.62
2013-08-02,95.85
2013-08-03,95.55
2013-08-04,96.38
2013-08-05,97.81
2013-08-06,97.69
2013-08-07,97.09
2013-08-08,94.27
2013-08-09,92.27
2013-08-10,93.51
2013-08-11,94.09
2013-08-12,95.35
2013-08-13,98.15
2013-08-14,99.19
2013-08-15,98.08
2013-08-16,98.25
2013-08-17,99.71
2013-08-18,99.3
2013-08-19,102.85
2013-08-20,104.87
2013-08-21,110.43
2013-08-22,109.12
2013-08-23,107.65
2013-08-24,109.15
2013-08-25,113.12
2013-08-26,111.9
2013-08-27,117.75
2013-08-28,117.91
2013-08-29,118.5
2013-08-30,124.86
2013-08-31,128
2013-09-01,130.66
2013-09-02,130.15
2013-09-03,129.18
2013-09-04,122.81
2013-09-05,122.5
2013-09-06,117.67
2013-09-07,119.93
2013-09-08,118.34
2013-09-09,121.68
2013-09-10,122.07
2013-09-11,127.55
2013-09-12,126.38
2013-09-13,127.71
2013-09-14,124.49
2013-09-15,125.36
2013-09-16,126.27
2013-09-17,126.92
2013-09-18,127
2013-09-19,124.18
2013-09-20,122.91
2013-09-21,123.39
2013-09-22,123.27
2013-09-23,122.63
2013-09-24,123.86
2013-09-25,123.25
2013-09-26,124.84
2013-09-27,126.95
2013-09-28,126.54
2013-09-29,127.01
2013-09-30,126.25
2013-10-01,127.33
2013-10-02,103.85
2013-10-03,117.63
2013-10-04,121.94
2013-10-05,121.2
2013-10-06,122.49
2013-10-07,123.5
2013-10-08,124.13
2013-10-09,125.9
2013-10-10,126.8
2013-10-11,127.38
2013-10-12,127.98
2013-10-13,132.82
2013-10-14,135.42
2013-10-15,142.76
2013-10-16,137.56
2013-10-17,143.94
2013-10-18,152.89
2013-10-19,166
2013-10-20,166.59
2013-10-21,180.13
2013-10-22,189.75
2013-10-23,203.96
2013-10-24,193.87
2013-10-25,186.6
2013-10-26,179.56
2013-10-27,194
2013-10-28,196.62
2013-10-29,204.69
2013-10-30,197.54
2013-10-31,203.54
2013-11-01,202.15
2013-11-02,204.86
2013-11-03,210
2013-11-04,226.83
2013-11-05,242.9
2013-11-06,263.24
2013-11-07,291
2013-11-08,334
2013-11-09,341.24
2013-11-10,323
2013-11-11,343.91
2013-11-12,354.96
2013-11-13,393.5
2013-11-14,416.95
2013-11-15,412
2013-11-16,434.53
2013-11-17,477.38
2013-11-18,669.01
2013-11-19,536.01
2013-11-20,599
2013-11-21,720
2013-11-22,799.8
2013-11-23,829.5
2013-11-24,800.05
2013-11-25,816.93
2013-11-26,916.86
2013-11-27,963.86
2013-11-28,1012.98
2013-11-29,1132
2013-11-30,1119.8
2013-12-01,948
2013-12-02,1040
2013-12-03,1055
2013-12-04,1131.76
2013-12-05,1035.67
2013-12-06,810.01
2013-12-07,693.3
2013-12-08,784.9
2013-12-09,899.91
2013-12-10,980
2013-12-11,879.04
2013-12-12,871.22
2013-12-13,885.15
2013-12-14,854.99
2013-12-15,862
2013-12-16,688.01
2013-12-17,675
2013-12-18,519.75
2013-12-19,684.01
2013-12-20,608.77
2013-12-21,596.92
2013-12-22,614.11
2013-12-23,654.76
2013-12-24,653
2013-12-25,680.99
2013-12-26,747.83
2013-12-27,723.98
2013-12-28,715
2013-12-29,728
2013-12-30,736.5
2013-12-31,732
2014-01-01,754.22
2014-01-02,785.81
2014-01-03,809.4
2014-01-04,828.79
2014-01-05,903.43
2014-01-06,919.2
2014-01-07,788.47
2014-01-08,823.45
2014-01-09,826.54
2014-01-10,852.61
2014-01-11,895
2014-01-12,844.05
2014-01-13,823
2014-01-14,815.99
2014-01-15,841.14
2014-01-16,814.4
2014-01-17,794.48
2014-01-18,811.83
2014-01-19,841.13
2014-01-20,826.01
2014-01-21,824.89
2014-01-22,819.2
2014-01-23,809.69
2014-01-24,779.19
2014-01-25,806.8
2014-01-26,814.92
2014-01-27,749.34
2014-01-28,785.51
2014-01-29,794.18
2014-01-30,799.99
2014-01-31,803
2014-02-01,813.03
2014-02-02,815
2014-02-03,808.5
2014-02-04,802.99
2014-02-05,781.8
2014-02-06,763.06
2014-02-07,705
2014-02-08,674
2014-02-09,687.37
2014-02-10,687.81
2014-02-11,675.1
2014-02-12,652.72
2014-02-13,605.46
2014-02-14,669
2014-02-15,653.8
2014-02-16,619.01
2014-02-17,633.66
2014-02-18,627.7
2014-02-19,624.85
2014-02-20,561.86
2014-02-21,584.22
2014-02-22,612.5
2014-02-23,611.99
2014-02-24,535
2014-02-25,535.48
2014-02-26,585.23
2014-02-27,583
2014-02-28,550.1
2014-03-01,567.47
2014-03-02,561.36
2014-03-03,677.69
2014-03-04,673.28
2014-03-05,669.99
2014-03-06,669.57
2014-03-07,632.79
2014-03-08,620.11
2014-03-09,640
2014-03-10,629.4
2014-03-11,632.1
2014-03-12,634.95
2014-03-13,641.01
2014-03-14,630.42
2014-03-15,637.24
2014-03-16,633.04
2014-03-17,622.31
2014-03-18,612
2014-03-19,611.2
2014-03-20,585.6
2014-03-21,570
2014-03-22,565.31
2014-03-23,562.28
2014-03-24,584.98
2014-03-25,583.77
2014-03-26,581.36
2014-03-27,474
2014-03-28,501.17
2014-03-29,492
2014-03-30,460
2014-03-31,454.83
2014-04-01,478.98
2014-04-02,439
2014-04-03,451.03
2014-04-04,452.2
2014-04-05,464.8
2014-04-06,456.27
2014-04-07,447.11
2014-04-08,453.57
2014-04-09,441.69
2014-04-10,363.12
2014-04-11,423
2014-04-12,423.42
2014-04-13,416.3
2014-04-14,458.5
2014-04-15,521
2014-04-16,529.77
2014-04-17,500.09
2014-04-18,483.11
2014-04-19,503.8
2014-04-20,500
2014-04-21,496.74
2014-04-22,490
2014-04-23,492
2014-04-24,502.2
2014-04-25,466.52
2014-04-26,459
2014-04-27,430
2014-04-28,442.9
2014-04-29,448
2014-04-30,448.85
2014-05-01,460.97
2014-05-02,454.5
2014-05-03,439.85
2014-05-04,438.04
2014-05-05,433
2014-05-06,428.01
2014-05-07,440
2014-05-08,437.69
2014-05-09,452.37
2014-05-10,455.39
2014-05-11,440
2014-05-12,442.5
2014-05-13,439.12
2014-05-14,446
2014-05-15,446
2014-05-16,447.31
2014-05-17,449.06
2014-05-18,446.91
2014-05-19,448.34
2014-05-20,489
2014-05-21,493.98
2014-05-22,529.99
2014-05-23,523.77
2014-05-24,528.44
2014-05-25,573.9
2014-05-26,581.88
2014-05-27,572.7
2014-05-28,580.66
2014-05-29,572.37
2014-05-30,621
2014-05-31,627.8
2014-06-01,630.99
2014-06-02,661.22
2014-06-03,670.14
2014-06-04,640.6
2014-06-05,661.48
2014-06-06,647.16
2014-06-07,657.13
2014-06-08,658
2014-06-09,648.83
2014-06-10,648.55
2014-06-11,620.5
2014-06-12,569.1
2014-06-13,592
2014-06-14,566.58
2014-06-15,588.55
2014-06-16,586.91
2014-06-17,606.48
2014-06-18,607
2014-06-19,593.4
2014-06-20,588.02
2014-06-21,591.29
2014-06-22,600.34
2014-06-23,588.22
2014-06-24,572.62
2014-06-25,560.4
2014-06-26,579.99
2014-06-27,599.99
2014-06-28,589.56
2014-06-29,599.89
2014-06-30,641.11
2014-07-01,638.25
2014-07-02,650.5
2014-07-03,645.99
2014-07-04,629
2014-07-05,630
2014-07-06,630.57
2014-07-07,622.09
2014-07-08,623.98
2014-07-09,620.01
2014-07-10,612.44
2014-07-11,635
2014-07-12,638.07
2014-07-13,630.88
2014-07-14,621.17
2014-07-15,619.55
2014-07-16,616.86
2014-07-17,622.2
2014-07-18,632.6
2014-07-19,628.63
2014-07-20,627
2014-07-21,622.73
2014-07-22,618.32
2014-07-23,621
2014-07-24,601.66
2014-07-25,602.93
2014-07-26,596.23
2014-07-27,590.3
2014-07-28,586.53
2014-07-29,585.95
2014-07-30,563.84
2014-07-31,582.04
2014-08-01,598.2
2014-08-02,589.59
2014-08-03,588.73
2014-08-04,588.5
2014-08-05,581.76
2014-08-06,581.16
2014-08-07,585.84
2014-08-08,588.02
2014-08-09,587.97
2014-08-10,590.96
2014-08-11,573.98
2014-08-12,566.69
2014-08-13,548.81
2014-08-14,507.99
2014-08-15,500.25
2014-08-16,521.97
2014-08-17,496.86
2014-08-18,475.22
2014-08-19,485.57
2014-08-20,516.39
2014-08-21,519.28
2014-08-22,514.65
2014-08-23,497
2014-08-24,507.85
2014-08-25,503.82
2014-08-26,512.18
2014-08-27,511.87
2014-08-28,506
2014-08-29,509.3
2014-08-30,500.85
2014-08-31,479.04
2014-09-01,474.54
2014-09-02,474.5
2014-09-03,474.89
2014-09-04,487.43
2014-09-05,477.65
2014-09-06,479.78
2014-09-07,475.43
2014-09-08,468.33
2014-09-09,473.2
2014-09-10,476.57
2014-09-11,475.9
2014-09-12,474.62
2014-09-13,477.98
2014-09-14,475.49
2014-09-15,469.47
2014-09-16,462.02
2014-09-17,452.09
2014-09-18,425
2014-09-19,395.86
2014-09-20,408.76
2014-09-21,399.55
2014-09-22,400.07
2014-09-23,438.97
2014-09-24,423.68
2014-09-25,408.76
2014-09-26,403.57
2014-09-27,401.77
2014-09-28,375.35
2014-09-29,374.2
2014-09-30,391.09
2014-10-01,384.86
2014-10-02,374.68
2014-10-03,358.74
2014-10-04,326.21
2014-10-05,323.52
2014-10-06,328.59
2014-10-07,334.8
2014-10-08,355.73
2014-10-09,364.01
2014-10-10,360.89
2014-10-11,362
2014-10-12,378.11
2014-10-13,392.6
2014-10-14,403.38
2014-10-15,394.52
2014-10-16,383.95
2014-10-17,383.65
2014-10-18,390.58
2014-10-19,387.53
2014-10-20,381.21
2014-10-21,385.81
2014-10-22,382.04
2014-10-23,357.18
2014-10-24,358.86
2014-10-25,348.69
2014-10-26,355.18
2014-10-27,350
2014-10-28,355.2
2014-10-29,335.7
2014-10-30,346.14
2014-10-31,337.99
2014-11-01,324.7
2014-11-02,324.36
2014-11-03,325.5
2014-11-04,330.22
2014-11-05,338.38
2014-11-06,349.99
2014-11-07,342.16
2014-11-08,345.39
2014-11-09,364.77
2014-11-10,366.43
2014-11-11,370.65
2014-11-12,426.02
2014-11-13,420.93
2014-11-14,399.98
2014-11-15,376.99
2014-11-16,389.86
2014-11-17,387.69
2014-11-18,374.88
2014-11-19,379.03
2014-11-20,356.47
2014-11-21,351.2
2014-11-22,353.12
2014-11-23,367.17
2014-11-24,375.99
2014-11-25,377.37
2014-11-26,368.5
2014-11-27,369.98
2014-11-28,376.86
2014-11-29,375.49
2014-11-30,377.01
2014-12-01,376.53
2014-12-02,379.52
2014-12-03,375.33
2014-12-04,369.16
2014-12-05,376
2014-12-06,374.38
2014-12-07,377.26
2014-12-08,361.3
2014-12-09,352.03
2014-12-10,345.21
2014-12-11,348.9
2014-12-12,352.24
2014-12-13,351.67
2014-12-14,356.52
2014-12-15,349
2014-12-16,329.05
2014-12-17,322
2014-12-18,312.67
2014-12-19,318.33
2014-12-20,331.79
2014-12-21,320.01
2014-12-22,331.56
2014-12-23,336.92
2014-12-24,323.06
2014-12-25,319.86
2014-12-26,328.27
2014-12-27,316.47
2014-12-28,317.64
2014-12-29,313.01
2014-12-30,311.07
2014-12-31,321
2015-01-01,314.95
2015-01-02,315.03
2015-01-03,287.18
2015-01-04,264.66
2015-01-05,274.23
2015-01-06,282.37
2015-01-07,292.13
2015-01-08,281.85
2015-01-09,287.63
2015-01-10,271.93
2015-01-11,266.25
2015-01-12,268.87
2015-01-13,221.38
2015-01-14,165.07
2015-01-15,209.7
2015-01-16,206.91
2015-01-17,199.55
2015-01-18,210.57
2015-01-19,215.65
2015-01-20,210.43
2015-01-21,228.31
2015-01-22,232.67
2015-01-23,232.4
2015-01-24,248.35
2015-01-25,252.46
2015-01-26,269.04
2015-01-27,263.37
2015-01-28,236.36
2015-01-29,233.89
2015-01-30,232.05
2015-01-31,218.37
2015-02-01,227.1
2015-02-02,238.32
2015-02-03,227.48
2015-02-04,226.58
2015-02-05,216.32
2015-02-06,223.38
2015-02-07,227.99
2015-02-08,223.95
2015-02-09,220.07
2015-02-10,219.73
2015-02-11,219.05
2015-02-12,221.91
2015-02-13,236.44
2015-02-14,258.86
2015-02-15,233.26
2015-02-16,235.76
2015-02-17,243.51
2015-02-18,235.58
2015-02-19,241.9
2015-02-20,243.92
2015-02-21,245.26
2015-02-22,235.56
2015-02-23,239.61
2015-02-24,238.99
2015-02-25,235.05
2015-02-26,236.5
2015-02-27,253.32
2015-02-28,253.84
2015-03-01,258.1
2015-03-02,273.39
2015-03-03,281.54
2015-03-04,272.44
2015-03-05,275.27
2015-03-06,272.82
2015-03-07,274.81
2015-03-08,274.01
2015-03-09,290.51
2015-03-10,290.36
2015-03-11,295.51
2015-03-12,294.75
2015-03-13,286.98
2015-03-14,281.99
2015-03-15,285.23
2015-03-16,290.72
2015-03-17,285.73
2015-03-18,256.23
2015-03-19,261.3
2015-03-20,261.77
2015-03-21,259.87
2015-03-22,268.66
2015-03-23,265.53
2015-03-24,246.7
2015-03-25,246.74
2015-03-26,248.09
2015-03-27,247.37
2015-03-28,252.41
2015-03-29,242.32
2015-03-30,247.16
2015-03-31,244.27
2015-04-01,246.76
2015-04-02,252.98
2015-04-03,254.6
2015-04-04,254.09
2015-04-05,259.79
2015-04-06,255.64
2015-04-07,254.39
2015-04-08,244.85
2015-04-09,243.23
2015-04-10,234.77
2015-04-11,236.9
2015-04-12,236.03
2015-04-13,223.78
2015-04-14,218.23
2015-04-15,223.06
2015-04-16,228.55
2015-04-17,222.79
2015-04-18,223.64
2015-04-19,223.24
2015-04-20,224.49
2015-04-21,233.95
2015-04-22,234.18
2015-04-23,235.51
2015-04-24,231.52
2015-04-25,226.07
2015-04-26,219.09
2015-04-27,228.29
2015-04-28,225.22
2015-04-29,225.32
2015-04-30,236.05
2015-05-01,233.07
2015-05-02,235.49
2015-05-03,240.17
2015-05-04,239.06
2015-05-05,236.03
2015-05-06,229.94
2015-05-07,237.87
2015-05-08,243.64
2015-05-09,241.36
2015-05-10,239.97
2015-05-11,242.31
2015-05-12,241.82
2015-05-13,236.37
2015-05-14,236.99
2015-05-15,237.09
2015-05-16,236.08
2015-05-17,236.32
2015-05-18,232.69
2015-05-19,232.01
2015-05-20,233.99
2015-05-21,235.48
2015-05-22,240.55
2015-05-23,238.76
2015-05-24,241.21
2015-05-25,237.66
2015-05-26,237.45
2015-05-27,237.37
2015-05-28,237.07
2015-05-29,236.91
2015-05-30,233.03
2015-05-31,229.8
2015-06-01,223.14
2015-06-02,225.48
2015-06-03,225.42
2015-06-04,224
2015-06-05,224.78
2015-06-06,225.21
2015-06-07,223.51
2015-06-08,228.72
2015-06-09,229.61
2015-06-10,229.25
2015-06-11,229.79
2015-06-12,230.25
2015-06-13,232.39
2015-06-14,233.83
2015-06-15,237.09
2015-06-16,249.72
2015-06-17,247.71
2015-06-18,248.73
2015-06-19,245.22
2015-06-20,244.95
2015-06-21,244.2
2015-06-22,247.5
2015-06-23,243.78
2015-06-24,240.54
2015-06-25,242.54
2015-06-26,243.14
2015-06-27,250.94
2015-06-28,249
2015-06-29,257.06
2015-06-30,263.99
2015-07-01,257.37
2015-07-02,255.05
2015-07-03,255.77
2015-07-04,260.4
2015-07-05,269.82
2015-07-06,269.78
2015-07-07,266.5
2015-07-08,269.47
2015-07-09,268.32
2015-07-10,285.21
2015-07-11,292.11
2015-07-12,310.71
2015-07-13,290.35
2015-07-14,287.18
2015-07-15,283.37
2015-07-16,276.31
2015-07-17,278.66
2015-07-18,275.77
2015-07-19,273.52
2015-07-20,277.47
2015-07-21,274.98
2015-07-22,276.94
2015-07-23,275.12
2015-07-24,289.06
2015-07-25,289.79
2015-07-26,292.31
2015-07-27,293.73
2015-07-28,294.57
2015-07-29,288.44
2015-07-30,287.37
2015-07-31,284.28
2015-08-01,280.96
2015-08-02,281.66
2015-08-03,281.36
2015-08-04,284.31
2015-08-05,282.02
2015-08-06,278.53
2015-08-07,276.93
2015-08-08,259.24
2015-08-09,263.93
2015-08-10,263.77
2015-08-11,269.28
2015-08-12,266.37
2015-08-13,262.55
2015-08-14,265.24
2015-08-15,260.69
2015-08-16,257.52
2015-08-17,257.35
2015-08-18,246.83
2015-08-19,225.87
2015-08-20,234.67
2015-08-21,232.67
2015-08-22,229.47
2015-08-23,226.89
2015-08-24,211.58
2015-08-25,220.36
2015-08-26,225.19
2015-08-27,221.97
2015-08-28,231.67
2015-08-29,228.6
2015-08-30,228.05
2015-08-31,229.13
2015-09-01,226.84
2015-09-02,228.67
2015-09-03,226.25
2015-09-04,230.66
2015-09-05,232.94
2015-09-06,240.28
2015-09-07,239.57
2015-09-08,243.32
2015-09-09,237.24
2015-09-10,238.21
2015-09-11,240.18
2015-09-12,235.63
2015-09-13,230.03
2015-09-14,230.21
2015-09-15,230.07
2015-09-16,228.82
2015-09-17,232.92
2015-09-18,232.49
2015-09-19,231.32
2015-09-20,231.13
2015-09-21,226.63
2015-09-22,229.62
2015-09-23,230.17
2015-09-24,234.85
2015-09-25,235.47
2015-09-26,234.48
2015-09-27,233.03
2015-09-28,238.98
2015-09-29,236.89
2015-09-30,235.71
2015-10-01,237.05
2015-10-02,236.45
2015-10-03,238.57
2015-10-04,238.75
2015-10-05,239.71
2015-10-06,245.92
2015-10-07,242.94
2015-10-08,242.58
2015-10-09,244.42
2015-10-10,245.48
2015-10-11,247.78
2015-10-12,245.76
2015-10-13,249.47
2015-10-14,252.2
2015-10-15,254.46
2015-10-16,262.89
2015-10-17,269.78
2015-10-18,261.47
2015-10-19,263.72
2015-10-20,270.02
2015-10-21,267.1
2015-10-22,274.97
2015-10-23,276.38
2015-10-24,282.72
2015-10-25,286.74
2015-10-26,284.62
2015-10-27,295.01
2015-10-28,304.07
2015-10-29,312.67
2015-10-30,327.6
2015-10-31,311.68
2015-11-01,325.84
2015-11-02,360.87
2015-11-03,395.57
2015-11-04,400.34
2015-11-05,383.01
2015-11-06,370.22
2015-11-07,385.12
2015-11-08,371.38
2015-11-09,380.33
2015-11-10,336.94
2015-11-11,304.24
2015-11-12,334.11
2015-11-13,333.87
2015-11-14,331.76
2015-11-15,317.77
2015-11-16,330.36
2015-11-17,333.83
2015-11-18,335.59
2015-11-19,325.19
2015-11-20,321.13
2015-11-21,324.65
2015-11-22,323.06
2015-11-23,322.44
2015-11-24,318.38
2015-11-25,327.5
2015-11-26,353.61
2015-11-27,359.71
2015-11-28,355.85
2015-11-29,371.03
2015-11-30,378.03
2015-12-01,362.03
2015-12-02,360.27
2015-12-03,360.36
2015-12-04,361.79
2015-12-05,386.13
2015-12-06,393.71
2015-12-07,394.75
2015-12-08,410.4
2015-12-09,416.54
2015-12-10,415.87
2015-12-11,450.33
2015-12-12,433.12
2015-12-13,434.93
2015-12-14,442.32
2015-12-15,463.6
2015-12-16,453.39
2015-12-17,453.38
2015-12-18,463.87
2015-12-19,462.02
2015-12-20,442.07
2015-12-21,437.54
2015-12-22,436.5
2015-12-23,442.41
2015-12-24,452.79
2015-12-25,454.24
2015-12-26,415.81
2015-12-27,422.37
2015-12-28,421.87
2015-12-29,432.09
2015-12-30,427.32
2015-12-31,430.08
2016-01-01,434.25
2016-01-02,433.48
2016-01-03,431.08
2016-01-04,433.33
2016-01-05,431.36
2016-01-06,430.71
2016-01-07,457.62
2016-01-08,452.84
2016-01-09,449.11
2016-01-10,446.52
2016-01-11,447.74
2016-01-12,445.18
2016-01-13,432.22
2016-01-14,429.22
2016-01-15,372.18
2016-01-16,385.18
2016-01-17,382.34
2016-01-18,384.28
2016-01-19,378.84
2016-01-20,414
2016-01-21,410.2
2016-01-22,382.14
2016-01-23,388.55
2016-01-24,402.29
2016-01-25,392.75
2016-01-26,389.67
2016-01-27,395.08
2016-01-28,379.87
2016-01-29,380.12
2016-01-30,377.85
2016-01-31,369.67
2016-02-01,371.71
2016-02-02,373.58
2016-02-03,367.98
2016-02-04,390.59
2016-02-05,386.18
2016-02-06,376.62
2016-02-07,377.87
2016-02-08,372.24
2016-02-09,375.4
2016-02-10,381.02
2016-02-11,379.23
2016-02-12,383.45
2016-02-13,390.02
2016-02-14,405.9
2016-02-15,400.46
2016-02-16,406.19
2016-02-17,417.51
2016-02-18,420.99
2016-02-19,420.25
2016-02-20,439.52
2016-02-21,437.62
2016-02-22,437.56
2016-02-23,420.27
2016-02-24,422.6
2016-02-25,423.42
2016-02-26,427.25
2016-02-27,431.86
2016-02-28,432.55
2016-02-29,436.14
2016-03-01,433.06
2016-03-02,425.06
2016-03-03,419.44
2016-03-04,409.24
2016-03-05,399.33
2016-03-06,405.92
2016-03-07,414.88
2016-03-08,411.98
2016-03-09,412.75
2016-03-10,415.65
2016-03-11,419.05
2016-03-12,410.31
2016-03-13,412.43
2016-03-14,414.17
2016-03-15,414.81
2016-03-16,415.74
2016-03-17,418.2
2016-03-18,408.24
2016-03-19,407.86
2016-03-20,411.68
2016-03-21,411.08
2016-03-22,415.99
2016-03-23,416.82
2016-03-24,414.36
2016-03-25,415.53
2016-03-26,416.52
2016-03-27,424.71
2016-03-28,422.14
2016-03-29,414.99
2016-03-30,412.06
2016-03-31,415.51
2016-04-01,416.24
2016-04-02,419.56
2016-04-03,419.31
2016-04-04,419.21
2016-04-05,422.21
2016-04-06,421.59
2016-04-07,420.09
2016-04-08,417.43
2016-04-09,418.26
2016-04-10,420.87
2016-04-11,422
2016-04-12,423.22
2016-04-13,423.84
2016-04-14,424.93
2016-04-15,429.23
2016-04-16,429.51
2016-04-17,426.19
2016-04-18,428.45
2016-04-19,435.12
2016-04-20,441.42
2016-04-21,450.82
2016-04-22,443.76
2016-04-23,449.17
2016-04-24,453.1
2016-04-25,462.32
2016-04-26,466.57
2016-04-27,446.99
2016-04-28,448.87
2016-04-29,455.36
2016-04-30,448.23
2016-05-01,453.08
2016-05-02,444.45
2016-05-03,449.88
2016-05-04,446.62
2016-05-05,448.34
2016-05-06,459.45
2016-05-07,459.16
2016-05-08,457.34
2016-05-09,460.31
2016-05-10,448.85
2016-05-11,451.91
2016-05-12,454.61
2016-05-13,455.69
2016-05-14,456.75
2016-05-15,458.97
2016-05-16,455.37
2016-05-17,453.35
2016-05-18,453.98
2016-05-19,442.08
2016-05-20,441.87
2016-05-21,443.95
2016-05-22,439.01
2016-05-23,443.95
2016-05-24,445.92
2016-05-25,450.2
2016-05-26,453.86
2016-05-27,472.1
2016-05-28,526.68
2016-05-29,515.67
2016-05-30,531.64
2016-05-31,527.84
2016-06-01,537.86
2016-06-02,536.44
2016-06-03,568.07
2016-06-04,572.89
2016-06-05,575.93
2016-06-06,584.69
2016-06-07,577.67
2016-06-08,581.14
2016-06-09,575.97
2016-06-10,578.89
2016-06-11,590.58
2016-06-12,667.25
2016-06-13,699.76
2016-06-14,685.33
2016-06-15,692.69
2016-06-16,762.17
2016-06-17,749.64
2016-06-18,756.22
2016-06-19,763.9
2016-06-20,734.39
2016-06-21,668.46
2016-06-22,590.27
2016-06-23,622.24
2016-06-24,653.4
2016-06-25,665.92
2016-06-26,627.7
2016-06-27,646.25
2016-06-28,646.13
2016-06-29,637.21
2016-06-30,669.78
2016-07-01,671.24
2016-07-02,697.48
2016-07-03,662.72
2016-07-04,676.45
2016-07-05,665.32
2016-07-06,673.84
2016-07-07,634.81
2016-07-08,663.73
2016-07-09,653.11
2016-07-10,649.15
2016-07-11,646.93
2016-07-12,671.18
2016-07-13,660.82
2016-07-14,659.12
2016-07-15,664.82
2016-07-16,660.72
2016-07-17,676.19
2016-07-18,670.32
2016-07-19,672.35
2016-07-20,664.23
2016-07-21,666.31
2016-07-22,650.84
2016-07-23,653.72
2016-07-24,659.59
2016-07-25,654.17
2016-07-26,655.07
2016-07-27,655.13
2016-07-28,655.23
2016-07-29,654.83
2016-07-30,652.25
2016-07-31,621.85
2016-08-01,606.62
2016-08-02,513.32
2016-08-03,568.25
2016-08-04,578.06
2016-08-05,573.05
2016-08-06,586.27
2016-08-07,592.13
2016-08-08,588.64
2016-08-09,585.01
2016-08-10,590.36
2016-08-11,587.59
2016-08-12,587.92
2016-08-13,584.85
2016-08-14,571.24
2016-08-15,567.85
2016-08-16,580.55
2016-08-17,572.61
2016-08-18,573.35
2016-08-19,574.95
2016-08-20,581.84
2016-08-21,581.46
2016-08-22,587.36
2016-08-23,583.97
2016-08-24,579.15
2016-08-25,577.43
2016-08-26,580.11
2016-08-27,570.66
2016-08-28,574.71
2016-08-29,573.84
2016-08-30,577
2016-08-31,573.89
2016-09-01,572.01
2016-09-02,575.08
2016-09-03,599.81
2016-09-04,609.94
2016-09-05,606.32
2016-09-06,610.89
2016-09-07,613.45
2016-09-08,626.53
2016-09-09,623.65
2016-09-10,625.72
2016-09-11,607.05
2016-09-12,608.26
2016-09-13,609.41
2016-09-14,609.68
2016-09-15,608.18
2016-09-16,608.58
2016-09-17,606.91
2016-09-18,611.94
2016-09-19,609.17
2016-09-20,609.37
2016-09-21,597.65
2016-09-22,595.96
2016-09-23,603.32
2016-09-24,603.91
2016-09-25,600.25
2016-09-26,607.14
2016-09-27,605.26
2016-09-28,605.07
2016-09-29,605.21
2016-09-30,608.03
2016-10-01,615.44
2016-10-02,611.07
2016-10-03,612.22
2016-10-04,609.52
2016-10-05,611.76
2016-10-06,610.7
2016-10-07,616.76
2016-10-08,618.39
2016-10-09,616.15
2016-10-10,617.48
2016-10-11,641.3
2016-10-12,635.96
2016-10-13,634.89
2016-10-14,636.98
2016-10-15,637.21
2016-10-16,640.6
2016-10-17,637.23
2016-10-18,635.63
2016-10-19,629.08
2016-10-20,628.81
2016-10-21,630.32
2016-10-22,656.46
2016-10-23,653.39
2016-10-24,650.79
2016-10-25,650.96
2016-10-26,675.87
2016-10-27,682.73
2016-10-28,687.66
2016-10-29,716.35
2016-10-30,697.19
2016-10-31,699.13
2016-11-01,726.56
2016-11-02,733.24
2016-11-03,684.75
2016-11-04,701.79
2016-11-05,703.94
2016-11-06,710.1
2016-11-07,706.35
2016-11-08,711.72
2016-11-09,722.03
2016-11-10,715.74
2016-11-11,714.67
2016-11-12,703.63
2016-11-13,702.54
2016-11-14,703.9
2016-11-15,711.68
2016-11-16,740.25
2016-11-17,737.58
2016-11-18,747.53
2016-11-19,748.35
2016-11-20,728.84
2016-11-21,735.68
2016-11-22,749.72
2016-11-23,741.22
2016-11-24,734.25
2016-11-25,739.01
2016-11-26,734.65
2016-11-27,729.62
2016-11-28,733.23
2016-11-29,732.27
2016-11-30,742.5
2016-12-01,752.9
2016-12-02,772.09
2016-12-03,765.16
2016-12-04,767.47
2016-12-05,754.57
2016-12-06,759.06
2016-12-07,765.44
2016-12-08,768.58
2016-12-09,770.56
2016-12-10,775.26
2016-12-11,768.53
2016-12-12,777.88
2016-12-13,778.96
2016-12-14,777.16
2016-12-15,774.7
2016-12-16,782.98
2016-12-17,788.8
2016-12-18,786.85
2016-12-19,789.21
2016-12-20,799.68
2016-12-21,831.42
2016-12-22,858.48
2016-12-23,909.46
2016-12-24,893.03
2016-12-25,892.44
2016-12-26,895.84
2016-12-27,925.95
2016-12-28,975.35
2016-12-29,971.58
2016-12-30,961.24
2016-12-31,965.31
2017-01-01,998.2
2017-01-02,1020.56
2017-01-03,1035.27
2017-01-04,1135.99
2017-01-05,991.61
2017-01-06,892.13
2017-01-07,892.03
2017-01-08,904.93
2017-01-09,901.43
2017-01-10,905.93
2017-01-11,786.05
2017-01-12,811.48
2017-01-13,826.23
2017-01-14,820.18
2017-01-15,821.73
2017-01-16,826.29
2017-01-17,903.34
2017-01-18,874.55
2017-01-19,894.8
2017-01-20,893.71
2017-01-21,919.97
2017-01-22,919.65
2017-01-23,923.63
2017-01-24,892.99
2017-01-25,893
2017-01-26,917.48
2017-01-27,920.18
2017-01-28,919.54
2017-01-29,915.1
2017-01-30,920.54
2017-01-31,965.69
2017-02-01,983.34
2017-02-02,1003.32
2017-02-03,1015.15
2017-02-04,1037.61
2017-02-05,1015.08
2017-02-06,1024.29
2017-02-07,1054.35
2017-02-08,1057.53
2017-02-09,980.85
2017-02-10,998.24
2017-02-11,1006.59
2017-02-12,999.83
2017-02-13,995.47
2017-02-14,1010.11
2017-02-15,1009.79
2017-02-16,1033.41
2017-02-17,1051.98
2017-02-18,1053.55
2017-02-19,1049.72
2017-02-20,1078.29
2017-02-21,1123.86
2017-02-22,1123.12
2017-02-23,1173.69
2017-02-24,1177.88
2017-02-25,1148.38
2017-02-26,1175.34
2017-02-27,1190.77
2017-02-28,1187.64
2017-03-01,1224.25
2017-03-02,1254.38
2017-03-03,1283.05
2017-03-04,1264.58
2017-03-05,1274.22
2017-03-06,1279.71
2017-03-07,1233.82
2017-03-08,1148.55
2017-03-09,1194.04
2017-03-10,1110.74
2017-03-11,1180.05
2017-03-12,1224.22
2017-03-13,1241.34
2017-03-14,1243.43
2017-03-15,1253.97
2017-03-16,1172.67
2017-03-17,1066.79
2017-03-18,971.73
2017-03-19,1022.12
2017-03-20,1047.61
2017-03-21,1118.88
2017-03-22,1042.38
2017-03-23,1030.65
2017-03-24,940.07
2017-03-25,965.46
2017-03-26,970.64
2017-03-27,1043.87
2017-03-28,1044.25
2017-03-29,1043.25
2017-03-30,1038.61
2017-03-31,1079.85
2017-04-01,1086.91
2017-04-02,1098.06
2017-04-03,1148.28
2017-04-04,1141.94
2017-04-05,1130.1
2017-04-06,1186.86
2017-04-07,1192.49
2017-04-08,1182.57
2017-04-09,1203.76
2017-04-10,1208.15
2017-04-11,1221.84
2017-04-12,1212.23
2017-04-13,1176.4
2017-04-14,1177.35
2017-04-15,1177.84
2017-04-16,1171.68
2017-04-17,1194.87
2017-04-18,1204.94
2017-04-19,1216.54
2017-04-20,1237.27
2017-04-21,1253.09
2017-04-22,1238.63
2017-04-23,1248.66
2017-04-24,1249.01
2017-04-25,1268.74
2017-04-26,1287.32
2017-04-27,1338.39
2017-04-28,1335.28
2017-04-29,1333.76
2017-04-30,1360.75
2017-05-01,1413.79
2017-05-02,1451.55
2017-05-03,1493.05
2017-05-04,1524.57
2017-05-05,1510.28
2017-05-06,1552.26
2017-05-07,1542.58
2017-05-08,1666.75
2017-05-09,1684.68
2017-05-10,1777.32
2017-05-11,1822.79
2017-05-12,1686.75
2017-05-13,1777.86
2017-05-14,1777.62
2017-05-15,1719.2
2017-05-16,1743.76
2017-05-17,1806.3
2017-05-18,1886.62
2017-05-19,1963.86
2017-05-20,2045.55
2017-05-21,2045.61
2017-05-22,2119.29
2017-05-23,2275.17
2017-05-24,2438.47
2017-05-25,2306.96
2017-05-26,2248.52
2017-05-27,2052.43
2017-05-28,2189.02
2017-05-29,2278.21
2017-05-30,2192.55
2017-05-31,2303.34
2017-06-01,2412.65
2017-06-02,2492.6
2017-06-03,2545.43
2017-06-04,2524.06
2017-06-05,2704.96
2017-06-06,2870.5
2017-06-07,2691.51
2017-06-08,2798.78
2017-06-09,2811.43
2017-06-10,2900.25
2017-06-11,2973.45
2017-06-12,2656.77
2017-06-13,2712.99
2017-06-14,2467.27
2017-06-15,2442.46
2017-06-16,2508.58
2017-06-17,2655.1
2017-06-18,2539.56
2017-06-19,2616.82
2017-06-20,2754.38
2017-06-21,2677.62
2017-06-22,2722.84
2017-06-23,2710.37
2017-06-24,2590.05
2017-06-25,2541.62
2017-06-26,2446.05
2017-06-27,2583.75
2017-06-28,2577.74
2017-06-29,2558.37
2017-06-30,2480.61
2017-07-01,2424.61
2017-07-02,2536.46
2017-07-03,2572.47
2017-07-04,2617.32
2017-07-05,2627.86
2017-07-06,2614.24
2017-07-07,2513.88
2017-07-08,2564.86
2017-07-09,2511.43
2017-07-10,2344.02
2017-07-11,2324.29
2017-07-12,2403.09
2017-07-13,2362.44
2017-07-14,2234.17
2017-07-15,1975.08
2017-07-16,1914.09
2017-07-17,2233.39
2017-07-18,2320.23
2017-07-19,2282.58
2017-07-20,2866.02
2017-07-21,2675.08
2017-07-22,2836.53
2017-07-23,2756.61
2017-07-24,2763.42
2017-07-25,2582.58
2017-07-26,2559.21
2017-07-27,2691.88
2017-07-28,2806.75
2017-07-29,2733.5
2017-07-30,2766.49
2017-07-31,2883.27
2017-08-01,2746.99
2017-08-02,2720.53
2017-08-03,2809.99
2017-08-04,2878.49
2017-08-05,3262.8
2017-08-06,3232.03
2017-08-07,3401.91
2017-08-08,3429.38
2017-08-09,3348.79
2017-08-10,3425.67
2017-08-11,3654.37
2017-08-12,3871.62
2017-08-13,4062.6
2017-08-14,4327.94
2017-08-15,4161.66
2017-08-16,4387.4
2017-08-17,4278.92
2017-08-18,4105.37
2017-08-19,4150.45
2017-08-20,4066.6
2017-08-21,4005.1
2017-08-22,4089.7
2017-08-23,4141.09
2017-08-24,4318.35
2017-08-25,4364.41
2017-08-26,4352.3
2017-08-27,4345.75
2017-08-28,4390.31
2017-08-29,4597.31
2017-08-30,4583.02
2017-08-31,4735.11
2017-09-01,4921.85
2017-09-02,4573.8
2017-09-03,4612.92
2017-09-04,4267.45
2017-09-05,4409.08
2017-09-06,4618.71
2017-09-07,4635.6
2017-09-08,4326.45
2017-09-09,4335.13
2017-09-10,4245.89
2017-09-11,4217.9
2017-09-12,4158.92
2017-09-13,3870.29
2017-09-14,3243.08
2017-09-15,3713.76
2017-09-16,3698.92
2017-09-17,3689.61
2017-09-18,4100.28
2017-09-19,3907.96
2017-09-20,3882.16
2017-09-21,3617.27
2017-09-22,3600.83
2017-09-23,3788.02
2017-09-24,3667.52
2017-09-25,3932.83
2017-09-26,3892.7
2017-09-27,4212.2
2017-09-28,4195.65
2017-09-29,4172.79
2017-09-30,4360.62
2017-10-01,4403.09
2017-10-02,4401.32
2017-10-03,4314.18
2017-10-04,4218.66
2017-10-05,4321.44
2017-10-06,4371.94
2017-10-07,4435.81
2017-10-08,4611.7
2017-10-09,4777.49
2017-10-10,4763.36
2017-10-11,4824.2
2017-10-12,5432.62
2017-10-13,5637.26
2017-10-14,5824.71
2017-10-15,5688.14
2017-10-16,5759.33
2017-10-17,5598.58
2017-10-18,5575.83
2017-10-19,5698.65
2017-10-20,5993.11
2017-10-21,6006.65
2017-10-22,5982.86
2017-10-23,5903.61
2017-10-24,5513.08
2017-10-25,5734
2017-10-26,5887.61
2017-10-27,5764.56
2017-10-28,5726.61
2017-10-29,6147.52
2017-10-30,6124.28
2017-10-31,6451.24
2017-11-01,6737.78
2017-11-02,7024.81
2017-11-03,7152.12
2017-11-04,7363.8
2017-11-05,7389.55
2017-11-06,6959.23
2017-11-07,7102.75
2017-11-08,7444.36
2017-11-09,7129.59
2017-11-10,6565.8
2017-11-11,6339.86
2017-11-12,5878.13
2017-11-13,6522.45
2017-11-14,6597.06
2017-11-15,7283.22
2017-11-16,7853.68
2017-11-17,7699.95
2017-11-18,7780.91
2017-11-19,8042.64
2017-11-20,8244.69
2017-11-21,8099.97
2017-11-22,8234.55
2017-11-23,8013.41
2017-11-24,8200.8
2017-11-25,8754.69
2017-11-26,9318.42
2017-11-27,9733.2
2017-11-28,9906.04
2017-11-29,9837.86
2017-11-30,9946.76
2017-12-01,10861.47
2017-12-02,10912.73
2017-12-03,11246.21
2017-12-04,11623.91
2017-12-05,11667.13
2017-12-06,13749.57
2017-12-07,16850.31
2017-12-08,16047.61
2017-12-09,14843.42
2017-12-10,15059.6
2017-12-11,16732.47
2017-12-12,17083.9
2017-12-13,16286.82
2017-12-14,16467.91
2017-12-15,17604.85
2017-12-16,19345.49
2017-12-17,19065.71
2017-12-18,18972.32
2017-12-19,17523.7
2017-12-20,16461.97
2017-12-21,15632.12
2017-12-22,13664.97
2017-12-23,14396.46
2017-12-24,13789.95
2017-12-25,13833.49
2017-12-26,15756.56
2017-12-27,15416.64
2017-12-28,14398.7
2017-12-29,14392.57
2017-12-30,12531.52
2017-12-31,13850.4
2018-01-01,13444.88
2018-01-02,14754.13
2018-01-03,15156.62
2018-01-04,15180.08
2018-01-05,16954.78
2018-01-06,17172.3
2018-01-07,16228.16
2018-01-08,14976.17
2018-01-09,14468.5
2018-01-10,14919.49
2018-01-11,13308.06
2018-01-12,13841.19
2018-01-13,14243.12
2018-01-14,13638.63
2018-01-15,13631.98
2018-01-16,11282.49
2018-01-17,11162.7
2018-01-18,11175.52
2018-01-19,11521.76
2018-01-20,12783.94
2018-01-21,11549.93
2018-01-22,10814.52
2018-01-23,10858.23
2018-01-24,11429.02
2018-01-25,11175.87
2018-01-26,11104.2
2018-01-27,11459.71
2018-01-28,11767.74
2018-01-29,11233.95
2018-01-30,10107.26
2018-01-31,10226.86
2018-02-01,9114.72
2018-02-02,8870.82
2018-02-03,9251.27
2018-02-04,8218.05
2018-02-05,6937.08
2018-02-06,7701.25
2018-02-07,7592.72
2018-02-08,8260.69
2018-02-09,8696.83
2018-02-10,8569.29
2018-02-11,8084.61
2018-02-12,8911.27
2018-02-13,8544.69
2018-02-14,9485.64
2018-02-15,10033.75
2018-02-16,10188.73
2018-02-17,11097.21
2018-02-18,10417.23
2018-02-19,11182.28
2018-02-20,11256.43
2018-02-21,10481.66
2018-02-22,9847.96
2018-02-23,10175.51
2018-02-24,9705.73
2018-02-25,9610.11
2018-02-26,10326.5
2018-02-27,10594.76
2018-02-28,10334.44
2018-03-01,10929.37
2018-03-02,11043.12
2018-03-03,11465.36
2018-03-04,11504.42
2018-03-05,11440.73
2018-03-06,10735.45
2018-03-07,9928.56
2018-03-08,9316.72
2018-03-09,9252.76
2018-03-10,8797.27
2018-03-11,9544.84
2018-03-12,9142.15
2018-03-13,9160.12
2018-03-14,8217.7
2018-03-15,8268.41
2018-03-16,8283.23
2018-03-17,7883.45
2018-03-18,8215.4
2018-03-19,8623.14
2018-03-20,8920.71
2018-03-21,8911.35
2018-03-22,8724.98
2018-03-23,8934.8
2018-03-24,8548.06
2018-03-25,8472.84
2018-03-26,8152.2
2018-03-27,7808.48
2018-03-28,7959.78
2018-03-29,7106.62
2018-03-30,6853.76
2018-03-31,6943.77
2018-04-01,6835.84
2018-04-02,7074.6
2018-04-03,7434.3
2018-04-04,6815.5
2018-04-05,6790.45
2018-04-06,6634.86
2018-04-07,6917.2
2018-04-08,7049.92
2018-04-09,6789.53
2018-04-10,6871.07
2018-04-11,6977.13
2018-04-12,7927.73
2018-04-13,7899.11
2018-04-14,8022.51
2018-04-15,8376.73
2018-04-16,8079.77
2018-04-17,7921.63
2018-04-18,8189.96
2018-04-19,8301.82
2018-04-20,8877.08
2018-04-21,8935.72
2018-04-22,8823.36
2018-04-23,8968.25
2018-04-24,9655.77
2018-04-25,8873.62
2018-04-26,9282.12
2018-04-27,8938.47
2018-04-28,9351.47
2018-04-29,9407.04
2018-04-30,9248.45
2018-05-01,9077.28
2018-05-02,9232.19
2018-05-03,9745.04
2018-05-04,9699.61
2018-05-05,9845.9
2018-05-06,9644.92
2018-05-07,9377.81
2018-05-08,9196.13
2018-05-09,9321.16
2018-05-10,9032.22
2018-05-11,8421
2018-05-12,8486.67
2018-05-13,8709.46
2018-05-14,8672.9
2018-05-15,8480.16
2018-05-16,8344.78
2018-05-17,8071.04
2018-05-18,8247.91
2018-05-19,8249.24
2018-05-20,8533
2018-05-21,8419.65
2018-05-22,7992.75
2018-05-23,7505.77
2018-05-24,7584.74
2018-05-25,7475.36
2018-05-26,7355.06
2018-05-27,7362.23
2018-05-28,7118.88
2018-05-29,7474.75
2018-05-30,7393.02
2018-05-31,7502.15
2018-06-01,7530.55
2018-06-02,7643.26
2018-06-03,7719.75
2018-06-04,7503.2
2018-06-05,7629.4
2018-06-06,7661.79
2018-06-07,7700.11
2018-06-08,7627.52
2018-06-09,7513.69
2018-06-10,6773.72
2018-06-11,6887.37
2018-06-12,6556.94
2018-06-13,6310.43
2018-06-14,6643.26
2018-06-15,6396.71
2018-06-16,6503.1
2018-06-17,6457.78
2018-06-18,6714.82
2018-06-19,6741.28
2018-06-20,6761.27
2018-06-21,6720.64
2018-06-22,6051.47
2018-06-23,6166.54
2018-06-24,6157.78
2018-06-25,6260.35
2018-06-26,6088.39
2018-06-27,6141.57
2018-06-28,5871.28
2018-06-29,6203.8
2018-06-30,6385.38
2018-07-01,6339.04
2018-07-02,6615.66
2018-07-03,6509.58
2018-07-04,6590.06
2018-07-05,6534.81
2018-07-06,6602.02
2018-07-07,6758.08
2018-07-08,6707.38
2018-07-09,6668.84
2018-07-10,6306.85
2018-07-11,6394.36
2018-07-12,6253.6
2018-07-13,6229.83
2018-07-14,6268.75
2018-07-15,6364.26
2018-07-16,6740.55
2018-07-17,7326.7
2018-07-18,7383.39
2018-07-19,7477.5
2018-07-20,7333.93
2018-07-21,7405.4
2018-07-22,7398.64
2018-07-23,7718
2018-07-24,8395.82
2018-07-25,8170.23
2018-07-26,7937.25
2018-07-27,8182.89
2018-07-28,8230.87
2018-07-29,8216.78
2018-07-30,8176.06
2018-07-31,7735.3
2018-08-01,7610.9
2018-08-02,7542.34
2018-08-03,7417.6
2018-08-04,7017.89
2018-08-05,7042.39
2018-08-06,6945.78
2018-08-07,6723.21
2018-08-08,6285.02
2018-08-09,6543.24
2018-08-10,6153.41
2018-08-11,6242.54
2018-08-12,6322.92
2018-08-13,6263.2
2018-08-14,6199.6
2018-08-15,6274.22
2018-08-16,6323.81
2018-08-17,6591.16
2018-08-18,6405.71
2018-08-19,6502.18
2018-08-20,6269.9
2018-08-21,6491.11
2018-08-22,6366.13
2018-08-23,6538.95
2018-08-24,6708.96
2018-08-25,6749.56
2018-08-26,6720.6
2018-08-27,6915.73
2018-08-28,7091.38
2018-08-29,7052
2018-08-30,6998.76
2018-08-31,7026.96
2018-09-01,7203.46
2018-09-02,7301.26
2018-09-03,7270.05
2018-09-04,7369.86
2018-09-05,6705.03
2018-09-06,6515.42
2018-09-07,6411.78
2018-09-08,6200.16
2018-09-09,6249.07
2018-09-10,6324.43
2018-09-11,6295.54
2018-09-12,6337.11
2018-09-13,6492
2018-09-14,6486.01
2018-09-15,6522.08
2018-09-16,6502.44
2018-09-17,6261.48
2018-09-18,6346.44
2018-09-19,6398.8
2018-09-20,6505.9
2018-09-21,6762.06
2018-09-22,6716.6
2018-09-23,6702.7
2018-09-24,6583.53
2018-09-25,6437.74
2018-09-26,6462.6
2018-09-27,6686.13
2018-09-28,6635.38
2018-09-29,6603.75
2018-09-30,6623.71
2018-10-01,6594.98
2018-10-02,6525.47
2018-10-03,6492.26
2018-10-04,6579.79
2018-10-05,6632.87
2018-10-06,6589.94
2018-10-07,6601.15
2018-10-08,6650.07
2018-10-09,6631.79
2018-10-10,6581.07
2018-10-11,6209.47
2018-10-12,6250.85
2018-10-13,6267.27
2018-10-14,6277.73
2018-10-15,6612.36
2018-10-16,6583.05
2018-10-17,6574.52
2018-10-18,6488.72
2018-10-19,6469.28
2018-10-20,6490.56
2018-10-21,6509.87
2018-10-22,6483.23
2018-10-23,6470.22
2018-10-24,6476.25
2018-10-25,6462.77
2018-10-26,6457.21
2018-10-27,6470.17
2018-10-28,6470.74
2018-10-29,6313.91
2018-10-30,6309.11
2018-10-31,6342.61
2018-11-01,6381.3
2018-11-02,6394.66
2018-11-03,6376.32
2018-11-04,6467.05
2018-11-05,6433.74
2018-11-06,6479.72
2018-11-07,6529.68
2018-11-08,6446.06
2018-11-09,6377.99
2018-11-10,6396.37
2018-11-11,6408.18
2018-11-12,6375.08
2018-11-13,6339.17
2018-11-14,5741.47
2018-11-15,5647.5
2018-11-16,5586.27
2018-11-17,5568.94
2018-11-18,5615.26
2018-11-19,4809.62
2018-11-20,4441.81
2018-11-21,4593.04
2018-11-22,4320.68
2018-11-23,4343.42
2018-11-24,3854.11
2018-11-25,4004.15
2018-11-26,3784.59
2018-11-27,3822.99
2018-11-28,4263.55
2018-11-29,4286.69
2018-11-30,4009.67
2018-12-01,4197.46
2018-12-02,4143.86
2018-12-03,3871.41
2018-12-04,3948.44
2018-12-05,3737.53
2018-12-06,3485.18
2018-12-07,3420.57
2018-12-08,3461.07
2018-12-09,3592.84
2018-12-10,3467.16
2018-12-11,3401.02
2018-12-12,3485.59
2018-12-13,3305.11
2018-12-14,3235.48
2018-12-15,3232.51
2018-12-16,3255.37
2018-12-17,3548.19
2018-12-18,3715.85
2018-12-19,3736.54
2018-12-20,4137.66
2018-12-21,3898.81
2018-12-22,4045.24
2018-12-23,4007.63
2018-12-24,4081.95
2018-12-25,3834.73
2018-12-26,3848.78
2018-12-27,3646.09
2018-12-28,3947.86
2018-12-29,3797.06
2018-12-30,3896.21
2018-12-31,3747.39
2019-01-01,3880.15
2019-01-02,3961.01
2019-01-03,3835.86
2019-01-04,3874.06
2019-01-05,3855.39
2019-01-06,4102.85
2019-01-07,4050.4
2019-01-08,4040.75
2019-01-09,4048.34
2019-01-10,3668.15
2019-01-11,3669.2
2019-01-12,3664.38
2019-01-13,3551.24
2019-01-14,3703.9
2019-01-15,3621.24
2019-01-16,3643.99
2019-01-17,3685.3
2019-01-18,3648.05
2019-01-19,3729.78
2019-01-20,3567.73
2019-01-21,3571.92
2019-01-22,3602.04
2019-01-23,3572.05
2019-01-24,3598.52
2019-01-25,3582.89
2019-01-26,3596.5
2019-01-27,3565.08
2019-01-28,3453.42
2019-01-29,3418.25
2019-01-30,3467.21
2019-01-31,3434.13
2019-02-01,3461.63
2019-02-02,3508.68
2019-02-03,3449.62
2019-02-04,3431.24
2019-02-05,3447.66
2019-02-06,3394.89
2019-02-07,3375.33
2019-02-08,3660.03
2019-02-09,3652.26
2019-02-10,3685.14
2019-02-11,3611.34
2019-02-12,3617.41
2019-02-13,3605.87
2019-02-14,3588.72
2019-02-15,3593.49
2019-02-16,3617.24
2019-02-17,3670.92
2019-02-18,3912.57
2019-02-19,3924.24
2019-02-20,3974.05
2019-02-21,3937.04
2019-02-22,3983.53
2019-02-23,4149.09
2019-02-24,3771.62
2019-02-25,3845.51
2019-02-26,3817.88
2019-02-27,3830.72
2019-02-28,3823.37
2019-03-01,3831.48
2019-03-02,3842.94
2019-03-03,3812.31
2019-03-04,3731.28
2019-03-05,3874.18
2019-03-06,3874.98
2019-03-07,3882.61
2019-03-08,3868.02
2019-03-09,3947.74
2019-03-10,3929.84
2019-03-11,3874.89
2019-03-12,3888.57
2019-03-13,3878.44
2019-03-14,3881.44
2019-03-15,3927.08
2019-03-16,4027.01
2019-03-17,3998
2019-03-18,3988.85
2019-03-19,4024.14
2019-03-20,4056.75
2019-03-21,3996.93
2019-03-22,4000.84
2019-03-23,4007.21
2019-03-24,3994.11
2019-03-25,3924.55
2019-03-26,3942.22
2019-03-27,4045.98
2019-03-28,4036.45
2019-03-29,4111.38
2019-03-30,4118.13
2019-03-31,4112.69
2019-04-01,4151.32
2019-04-02,4906.93
2019-04-03,4976.59
2019-04-04,4913.36
2019-04-05,5047.23
2019-04-06,5057.25
2019-04-07,5201.16
2019-04-08,5294.09
2019-04-09,5201.3
2019-04-10,5318.6
2019-04-11,5048.56
2019-04-12,5081.5
2019-04-13,5080.66
2019-04-14,5165.59
2019-04-15,5037.27
2019-04-16,5212.81
2019-04-17,5236.26
2019-04-18,5289.75
2019-04-19,5295.53
2019-04-20,5326.18
2019-04-21,5305.74
2019-04-22,5394.67
2019-04-23,5539.1
2019-04-24,5454.58
2019-04-25,5162.67
2019-04-26,5234.09
2019-04-27,5233.47
2019-04-28,5272.45
2019-04-29,5237.96
2019-04-30,5350.64
2019-05-01,5389.54
2019-05-02,5500.72
2019-05-03,5753.38
2019-05-04,5840.08
2019-05-05,5794.14
2019-05-06,5748.17
2019-05-07,5819.57
2019-05-08,5998.71
2019-05-09,6171.96
2019-05-10,6358.29
2019-05-11,7191.36
2019-05-12,6977.63
2019-05-13,7806.36
2019-05-14,7980.13
2019-05-15,8183.83
2019-05-16,7874.11
2019-05-17,7371.96
2019-05-18,7266.08
2019-05-19,8193.14
2019-05-20,7998.29
2019-05-21,7947.93
2019-05-22,7626.89
2019-05-23,7876.5
2019-05-24,7996.4
2019-05-25,8059.13
2019-05-26,8726.23
2019-05-27,8785.17
2019-05-28,8718.85
2019-05-29,8664.56
2019-05-30,8276.25
2019-05-31,8550.67
2019-06-01,8555.87
2019-06-02,8737.91
2019-06-03,8114.49
2019-06-04,7677.47
2019-06-05,7791.29
2019-06-06,7807.36
2019-06-07,8002.63
2019-06-08,7933.78
2019-06-09,7643.44
2019-06-10,8021
2019-06-11,7917.32
2019-06-12,8174.14
2019-06-13,8235.57
2019-06-14,8693.96
2019-06-15,8853.56
2019-06-16,8979.18
2019-06-17,9336.01
2019-06-18,9081.71
2019-06-19,9280.54
2019-06-20,9536.85
2019-06-21,10218.87
2019-06-22,10689.54
2019-06-23,10855.99
2019-06-24,11035.74
2019-06-25,11740.34
2019-06-26,12913.28
2019-06-27,11154.09
2019-06-28,12355.06
2019-06-29,11884.1
2019-06-30,10769.05
2019-07-01,10591.87
2019-07-02,10844.13
2019-07-03,11981.61
2019-07-04,11156.52
2019-07-05,10993.25
2019-07-06,11248.94
2019-07-07,11474.28
2019-07-08,12296.16
2019-07-09,12567.02
2019-07-10,12099.12
2019-07-11,11343.12
2019-07-12,11797.37
2019-07-13,11363.97
2019-07-14,10204.41
2019-07-15,10850.26
2019-07-16,9423.44
2019-07-17,9696.15
2019-07-18,10638.35
2019-07-19,10532.94
2019-07-20,10759.42
2019-07-21,10586.71
2019-07-22,10325.87
2019-07-23,9854.15
2019-07-24,9772.14
2019-07-25,9882.43
2019-07-26,9847.45
2019-07-27,9478.32
2019-07-28,9531.77
2019-07-29,9506.93
2019-07-30,9595.52
2019-07-31,10089.25
2019-08-01,10409.79
2019-08-02,10528.99
2019-08-03,10820.41
2019-08-04,10978.91
2019-08-05,11807.96
2019-08-06,11467.1
2019-08-07,11974.28
2019-08-08,11982.8
2019-08-09,11865.21
2019-08-10,11293.59
2019-08-11,11549.06
2019-08-12,11387.41
2019-08-13,10872
2019-08-14,10031.89
2019-08-15,10308.51
2019-08-16,10360.43
2019-08-17,10220.75
2019-08-18,10326.25
2019-08-19,10922.16
2019-08-20,10770.76
2019-08-21,10131.67
2019-08-22,10104.11
2019-08-23,10410.49
2019-08-24,10150.07
2019-08-25,10141.75
2019-08-26,10364.91
2019-08-27,10175.47
2019-08-28,9722.83
2019-08-29,9492.81
2019-08-30,9587.25
2019-08-31,9624.54
2019-09-01,9768.36
2019-09-02,10387.5
2019-09-03,10625.1
2019-09-04,10585.2
2019-09-05,10556.16
2019-09-06,10309.91
2019-09-07,10491.96
2019-09-08,10420.88
2019-09-09,10314.88
2019-09-10,10109.46
2019-09-11,10165.01
2019-09-12,10428.96
2019-09-13,10372.29
2019-09-14,10365.56
2019-09-15,10313.02
2019-09-16,10271.79
2019-09-17,10198.62
2019-09-18,10163.38
2019-09-19,10281.03
2019-09-20,10176.38
2019-09-21,9988.38
2019-09-22,10036.98
2019-09-23,9694.6
2019-09-24,8542.54
2019-09-25,8446.97
2019-09-26,8074.99
2019-09-27,8201.36
2019-09-28,8223.65
2019-09-29,8065.26
2019-09-30,8314.62
2019-10-01,8326.64
2019-10-02,8391.52
2019-10-03,8246.3
2019-10-04,8168.05
2019-10-05,8172.48
2019-10-06,7868.31
2019-10-07,8215.11
2019-10-08,8191.87
2019-10-09,8593.16
2019-10-10,8596.57
2019-10-11,8278.05
2019-10-12,8316.66
2019-10-13,8296.34
2019-10-14,8363.94
2019-10-15,8173.48
2019-10-16,8014.39
2019-10-17,8082.46
2019-10-18,7972.62
2019-10-19,7973.63
2019-10-20,8247.25
2019-10-21,8223.25
2019-10-22,8034.5
2019-10-23,7479.54
2019-10-24,7444.2
2019-10-25,8671.1
2019-10-26,9258.98
2019-10-27,9550.6
2019-10-28,9222.23
2019-10-29,9432.86
2019-10-30,9169.86
2019-10-31,9157.52
2019-11-01,9260.59
2019-11-02,9311.99
2019-11-03,9221.61
2019-11-04,9421.54
2019-11-05,9323.61
2019-11-06,9347.27
2019-11-07,9208.52
2019-11-08,8772.31
2019-11-09,8822.19
2019-11-10,9045.85
2019-11-11,8726.31
2019-11-12,8815.14
2019-11-13,8773.82
2019-11-14,8640.42
2019-11-15,8468.57
2019-11-16,8498.94
2019-11-17,8515.28
2019-11-18,8190.16
2019-11-19,8133.57
2019-11-20,8093.6
2019-11-21,7632.59
2019-11-22,7292.2
2019-11-23,7339.24
2019-11-24,6930.09
2019-11-25,7138.23
2019-11-26,7170.11
2019-11-27,7531.5
2019-11-28,7442.33
2019-11-29,7769.38
2019-11-30,7571.77
2019-12-01,7420.53
2019-12-02,7320.94
2019-12-03,7313.64
2019-12-04,7207.78
2019-12-05,7406.75
2019-12-06,7558.58
2019-12-07,7514.86
2019-12-08,7539.7
2019-12-09,7350.62
2019-12-10,7233.84
2019-12-11,7212.01
2019-12-12,7199.39
2019-12-13,7261.72
2019-12-14,7080.29
2019-12-15,7132.39
2019-12-16,6897.33
2019-12-17,6635.84
2019-12-18,7294.53
2019-12-19,7159.26
2019-12-20,7203.41
2019-12-21,7159.47
2019-12-22,7517.58
2019-12-23,7326.6
2019-12-24,7260.91
2019-12-25,7202.72
2019-12-26,7207.23
2019-12-27,7253.82
2019-12-28,7316.23
2019-12-29,7399.49
2019-12-30,7234.44
2019-12-31,7183.88
2020-01-01,7189.94
2020-01-02,6965.72
2020-01-03,7339.7
2020-01-04,7357.5
2020-01-05,7359.96
2020-01-06,7762.69
2020-01-07,8160.36
2020-01-08,8045.15
2020-01-09,7817.35
2020-01-10,8190.31
2020-01-11,8024.58
2020-01-12,8181.49
2020-01-13,8106.56
2020-01-14,8820.95
2020-01-15,8813.21
2020-01-16,8719.63
2020-01-17,8894.83
2020-01-18,8909.28
2020-01-19,8702.59
2020-01-20,8634.03
2020-01-21,8724.84
2020-01-22,8667.26
2020-01-23,8394.28
2020-01-24,8431.78
2020-01-25,8345.88
2020-01-26,8602.37
2020-01-27,8898.94
2020-01-28,9391.97
2020-01-29,9286.18
2020-01-30,9501.38
2020-01-31,9342.23
2020-02-01,9384.45
2020-02-02,9334.25
2020-02-03,9288.96
2020-02-04,9171.98
2020-02-05,9611.42
2020-02-06,9755.84
2020-02-07,9808.36
2020-02-08,9898.25
2020-02-09,10157.78
2020-02-10,9858.03
2020-02-11,10269.43
2020-02-12,10347.93
2020-02-13,10233.32
2020-02-14,10360.37
2020-02-15,9905.43
2020-02-16,9925.51
2020-02-17,9702.48
2020-02-18,10182.6
2020-02-19,9602.43
2020-02-20,9608.8
2020-02-21,9697.86
2020-02-22,9671.46
2020-02-23,9977.39
2020-02-24,9664.21
2020-02-25,9316.18
2020-02-26,8793.5
2020-02-27,8821.5
2020-02-28,8719.29
2020-02-29,8545.45
2020-03-01,8549.38
2020-03-02,8919.74
2020-03-03,8765.68
2020-03-04,8773.78
2020-03-05,9074.82
2020-03-06,9160.39
2020-03-07,8903.72
2020-03-08,8057.67
2020-03-09,7944.4
2020-03-10,7894.66
2020-03-11,7945.36
2020-03-12,4916.78
2020-03-13,5632.58
2020-03-14,5181.77
2020-03-15,5357.02
2020-03-16,5045
2020-03-17,5337.66
2020-03-18,5413.06
2020-03-19,6184.88
2020-03-20,6206.44
2020-03-21,6195.43
2020-03-22,5828.15
2020-03-23,6503.53
2020-03-24,6767.18
2020-03-25,6694.21
2020-03-26,6757.95
2020-03-27,6382.8
2020-03-28,6252.49
2020-03-29,5882.2
2020-03-30,6403.31
2020-03-31,6423.61
2020-04-01,6663.63
2020-04-02,6804.42
2020-04-03,6743.68
2020-04-04,6875.95
2020-04-05,6781.64
2020-04-06,7347.22
2020-04-07,7201.57
2020-04-08,7367.37
2020-04-09,7294.55
2020-04-10,6876.49
2020-04-11,6887.6
2020-04-12,6913.76
2020-04-13,6859.43
2020-04-14,6879.44
2020-04-15,6629.54
2020-04-16,7114.55
2020-04-17,7037.12
2020-04-18,7264.29
2020-04-19,7132.88
2020-04-20,6842.45
2020-04-21,6855.11
2020-04-22,7135.41
2020-04-23,7489.25
2020-04-24,7509.44
2020-04-25,7546.92
2020-04-26,7701.35
2020-04-27,7787.41
2020-04-28,7760.32
2020-04-29,8784.96
2020-04-30,8637.56
2020-05-01,8829.12
2020-05-02,8981.11
2020-05-03,8907.19
2020-05-04,8881.65
2020-05-05,9029.75
2020-05-06,9153.2
2020-05-07,9999.93
2020-05-08,9808.18
2020-05-09,9541.13
2020-05-10,8735.05
2020-05-11,8568.88
2020-05-12,8821.18
2020-05-13,9317.44
2020-05-14,9793.19
2020-05-15,9311.69
2020-05-16,9387.08
2020-05-17,9670.56
2020-05-18,9722.73
2020-05-19,9780.2
2020-05-20,9509.45
2020-05-21,9059.11
2020-05-22,9170.74
2020-05-23,9186.19
2020-05-24,8718.49
2020-05-25,8901.48
2020-05-26,8844.5
2020-05-27,9204.62
2020-05-28,9579.71
2020-05-29,9424.62
2020-05-30,9699.78
2020-05-31,9450.47
2020-06-01,10211.23
2020-06-02,9523.75
2020-06-03,9666.06
2020-06-04,9794.55
2020-06-05,9622.02
2020-06-06,9671.46
2020-06-07,9750.7
2020-06-08,9782.58
2020-06-09,9779.7
2020-06-10,9891.84
2020-06-11,9268.13
2020-06-12,9464.23
2020-06-13,9474.65
2020-06-14,9333.7
2020-06-15,9429.65
2020-06-16,9526.7
2020-06-17,9459.13
2020-06-18,9380.67
2020-06-19,9301.83
2020-06-20,9359.18
2020-06-21,9292.81
2020-06-22,9691.61
2020-06-23,9624.3
2020-06-24,9292.94
2020-06-25,9241.32
2020-06-26,9158.07
2020-06-27,9007.14
2020-06-28,9120.39
2020-06-29,9187.07
2020-06-30,9136.47
2020-07-01,9238.89
2020-07-02,9092.8
2020-07-03,9066.46
2020-07-04,9142.2
2020-07-05,9081.44
2020-07-06,9347.05
2020-07-07,9257.32
2020-07-08,9439.2
2020-07-09,9238.95
2020-07-10,9288.57
2020-07-11,9237.13
2020-07-12,9300.95
2020-07-13,9237.89
2020-07-14,9256.07
2020-07-15,9193.22
2020-07-16,9133.23
2020-07-17,9156.79
2020-07-18,9177.22
2020-07-19,9216.02
2020-07-20,9164.42
2020-07-21,9392.83
2020-07-22,9537.24
2020-07-23,9615.21
2020-07-24,9550.23
2020-07-25,9708.41
2020-07-26,9942.01
2020-07-27,11042.94
2020-07-28,10933.26
2020-07-29,11112.04
2020-07-30,11113.66
2020-07-31,11352.72
2020-08-01,11812.42
2020-08-02,11063.5
2020-08-03,11234.73
2020-08-04,11194.18
2020-08-05,11752.05
2020-08-06,11771.27
2020-08-07,11603.82
2020-08-08,11770.77
2020-08-09,11686.34
2020-08-10,11897.41
2020-08-11,11389.01
2020-08-12,11570.19
2020-08-13,11790.68
2020-08-14,11774.52
2020-08-15,11860.91
2020-08-16,11917.97
2020-08-17,12301.19
2020-08-18,11956.69
2020-08-19,11760.37
2020-08-20,11863.43
2020-08-21,11527.35
2020-08-22,11670.42
2020-08-23,11651.52
2020-08-24,11756.4
2020-08-25,11330.56
2020-08-26,11466.89
2020-08-27,11331.02
2020-08-28,11535.21
2020-08-29,11480.48
2020-08-30,11716.54
2020-08-31,11657.81
2020-09-01,11926.69
2020-09-02,11397.9
2020-09-03,10174.62
2020-09-04,10467.33
2020-09-05,10167.97
2020-09-06,10260.37
2020-09-07,10379.08
2020-09-08,10128.54
2020-09-09,10228.85
2020-09-10,10345.68
2020-09-11,10398.5
2020-09-12,10448
2020-09-13,10332.36
2020-09-14,10678.31
2020-09-15,10786.7
2020-09-16,10957.1
2020-09-17,10945.14
2020-09-18,10937.89
2020-09-19,11083.61
2020-09-20,10921.85
2020-09-21,10418.14
2020-09-22,10534.73
2020-09-23,10238.09
2020-09-24,10742.98
2020-09-25,10694.12
2020-09-26,10734.23
2020-09-27,10781.47
2020-09-28,10699
2020-09-29,10841.29
2020-09-30,10779.42
2020-10-01,10622.79
2020-10-02,10576.64
2020-10-03,10552.04
2020-10-04,10675.52
2020-10-05,10795.11
2020-10-06,10603.9
2020-10-07,10672.67
2020-10-08,10929.4
2020-10-09,11058.78
2020-10-10,11301.57
2020-10-11,11375.51
2020-10-12,11539.76
2020-10-13,11427.29
2020-10-14,11429.3
2020-10-15,11508.31
2020-10-16,11326.25
2020-10-17,11367.65
2020-10-18,11513.33
2020-10-19,11756.88
2020-10-20,11921.78
2020-10-21,12813.11
2020-10-22,12990.25
2020-10-23,12937.2
2020-10-24,13126.13
2020-10-25,13041.21
2020-10-26,13069.43
2020-10-27,13646.02
2020-10-28,13285.97
2020-10-29,13462.18
2020-10-30,13565.95
2020-10-31,13803.41
2020-11-01,13761.72
2020-11-02,13571.24
2020-11-03,14023.78
2020-11-04,14157.73
2020-11-05,15599.92
2020-11-06,15590.62
2020-11-07,14838.16
2020-11-08,15488.25
2020-11-09,15335.03
2020-11-10,15313.73
2020-11-11,15707.08
2020-11-12,16306.53
2020-11-13,16332.85
2020-11-14,16075.95
2020-11-15,15964.7
2020-11-16,16721.46
2020-11-17,17681.54
2020-11-18,17786.27
2020-11-19,17824.64
2020-11-20,18672.78
2020-11-21,18704.06
2020-11-22,18430.59
2020-11-23,18385.74
2020-11-24,19157.16
2020-11-25,18725.76
2020-11-26,17175.86
2020-11-27,17155
2020-11-28,17739.9
2020-11-29,18199.23
2020-11-30,19686.87
2020-12-01,18792.03
2020-12-02,19226.19
2020-12-03,19448.44
2020-12-04,18665
2020-12-05,19156.84
2020-12-06,19378.94
2020-12-07,19181.41
2020-12-08,18323.52
2020-12-09,18549.92
2020-12-10,18250.47
2020-12-11,18034.86
2020-12-12,18814.98
2020-12-13,19169.05
2020-12-14,19274.69
2020-12-15,19441.96
2020-12-16,21352.13
2020-12-17,22822.17
2020-12-18,23135.57
2020-12-19,23844.72
2020-12-20,23467.06
2020-12-21,22727.13
2020-12-22,23823.32
2020-12-23,23239.5
2020-12-24,23724.2
2020-12-25,24707.98
2020-12-26,26445.7
2020-12-27,26249.27
2020-12-28,27039.45
2020-12-29,27360.78
2020-12-30,28889.61
2020-12-31,28972.4
2021-01-01,29388.94
2021-01-02,32203.64
2021-01-03,33063.48
2021-01-04,32030.55
2021-01-05,34038.29
2021-01-06,36849.86
2021-01-07,39479.41
2021-01-08,40636.24
2021-01-09,40236.66
2021-01-10,38202.08
2021-01-11,35496.03
2021-01-12,34058.4
2021-01-13,37380.85
2021-01-14,39155.58
2021-01-15,36790.17
2021-01-16,36025.26
2021-01-17,35839.51
2021-01-18,36623.04
2021-01-19,35932.79
2021-01-20,35501.38
2021-01-21,30840.3
2021-01-22,33008.02
2021-01-23,32107.29
2021-01-24,32284.95
2021-01-25,32275.27
2021-01-26,32516.52
2021-01-27,30423.05
2021-01-28,33443.87
2021-01-29,34252.08
2021-01-30,34317.82
2021-01-31,33143.22
2021-02-01,33535.94
2021-02-02,35524.43
2021-02-03,37677.34
2021-02-04,36983.42
2021-02-05,38310.24
2021-02-06,39267.01
2021-02-07,38868.82
2021-02-08,46437.41
2021-02-09,46509.57
2021-02-10,44854.95
2021-02-11,48006.18
2021-02-12,47435.54
2021-02-13,47222.32
2021-02-14,48652.87
2021-02-15,47936.51
2021-02-16,49184.63
2021-02-17,52154.91
2021-02-18,51591.61
2021-02-19,55933.47
2021-02-20,55900.84
2021-02-21,57469.95
2021-02-22,54121.17
2021-02-23,48898.7
2021-02-24,49738.17
2021-02-25,47082.87
2021-02-26,46324.5
2021-02-27,46191.39
2021-02-28,45261.03
2021-03-01,49635.07
2021-03-02,48501.21
2021-03-03,50392.55
2021-03-04,48363.74
2021-03-05,48775.37
2021-03-06,48892.8
2021-03-07,50964.18
2021-03-08,52405.02
2021-03-09,54928.7
2021-03-10,55893.31
2021-03-11,57809.41
2021-03-12,57256.22
2021-03-13,61179.79
2021-03-14,58998.89
2021-03-15,55665.01
2021-03-16,56925.01
2021-03-17,58909
2021-03-18,57643.32
2021-03-19,58060.21
2021-03-20,58101.34
2021-03-21,57374.95
2021-03-22,54095.36
2021-03-23,54355.45
2021-03-24,52303.02
2021-03-25,51336.09
2021-03-26,55055.43
2021-03-27,55863.73
2021-03-28,55781.01
2021-03-29,57626.1
2021-03-30,58781.54
2021-03-31,58793.8
2021-04-01,58730.82
2021-04-02,58987.8
2021-04-03,57074.97
2021-04-04,58219.43
2021-04-05,59119.56
2021-04-06,58010.35
2021-04-07,55951.98
2021-04-08,58084.46
2021-04-09,58106.85
2021-04-10,59784.8
2021-04-11,59980.45
2021-04-12,59845.76
2021-04-13,63558.48
2021-04-14,62964.27
2021-04-15,63233.03
2021-04-16,61416.41
2021-04-17,60056.07
2021-04-18,56246.82
2021-04-19,55680.11
2021-04-20,56496.06
2021-04-21,53803.25
2021-04-22,51717.61
2021-04-23,51178.03
2021-04-24,50115.99
2021-04-25,49120.97
2021-04-26,54062.29
2021-04-27,55073.48
2021-04-28,54877.94
2021-04-29,53581.58
2021-04-30,57757.97
2021-05-01,57843.16
2021-05-02,56623.51
2021-05-03,57199.7
2021-05-04,53244.07
2021-05-05,57506.88
2021-05-06,56441.94
2021-05-07,57374.33
2021-05-08,58943.13
2021-05-09,58294.18
2021-05-10,55870.01
2021-05-11,56747.52
2021-05-12,49504.08
2021-05-13,49700.6
2021-05-14,49887.96
2021-05-15,46775.29
2021-05-16,46490.71
2021-05-17,43552.14
2021-05-18,42886.02
2021-05-19,36771.87
2021-05-20,40597.4
2021-05-21,37350.39
2021-05-22,37491.5
2021-05-23,34716.84
2021-05-24,38837.76
2021-05-25,38387.36
2021-05-26,39295.08
2021-05-27,38538.84
2021-05-28,35680.92
2021-05-29,34611.58
2021-05-30,35662.59
2021-05-31,37290.83
2021-06-01,36683.51
2021-06-02,37576.98
2021-06-03,39229.66
2021-06-04,36861.5
2021-06-05,35538.4
2021-06-06,35798.57
2021-06-07,33582.86
2021-06-08,33409.38
2021-06-09,37391.58
2021-06-10,36680.78
2021-06-11,37339.98
2021-06-12,35541.78
2021-06-13,39017.37
2021-06-14,40526.63
2021-06-15,40161.86
2021-06-16,38345.41
2021-06-17,38082.3
2021-06-18,35830.29
2021-06-19,35515.38
2021-06-20,35602.26
2021-06-21,31652.62
2021-06-22,32537.58
2021-06-23,33678.64
2021-06-24,34649.84
2021-06-25,31593.86
2021-06-26,32307.35
2021-06-27,34713.81
2021-06-28,34487.11
2021-06-29,35901.41
2021-06-30,35056.39
2021-07-01,33543.11
2021-07-02,33804.54
2021-07-03,34682.84
2021-07-04,35287.97
2021-07-05,33702.79
2021-07-06,34237.66
2021-07-07,33880.79
2021-07-08,32874.01
2021-07-09,33804.2
2021-07-10,33515.13
2021-07-11,34249.3
2021-07-12,33088.51
2021-07-13,32737.47
2021-07-14,32820.5
2021-07-15,31867.46
2021-07-16,31401.76
2021-07-17,31546.64
2021-07-18,31806.3
2021-07-19,30847.55
2021-07-20,29795.55
2021-07-21,32139.48
2021-07-22,32299.47
2021-07-23,33637.92
2021-07-24,34282.56
2021-07-25,35369.93
2021-07-26,37269.52
2021-07-27,39496.69
2021-07-28,40030.01
2021-07-29,40030.52
2021-07-30,42231.83
2021-07-31,41474.72
2021-08-01,39870.76
2021-08-02,39158.53
2021-08-03,38189.3
2021-08-04,39738.56
2021-08-05,40888.18
2021-08-06,42852.18
2021-08-07,44617.96
2021-08-08,43827.75
2021-08-09,46292.61
2021-08-10,45601.03
2021-08-11,45556.69
2021-08-12,44425.52
2021-08-13,47832.93
2021-08-14,47102.03
2021-08-15,47015.94
2021-08-16,45927.4
2021-08-17,44684.43
2021-08-18,44714.54
2021-08-19,46761.49
2021-08-20,49336.45
2021-08-21,48867.87
2021-08-22,49289.71
2021-08-23,49521.06
2021-08-24,47690.54
2021-08-25,48996.44
2021-08-26,46852.22
2021-08-27,49088.1
2021-08-28,48918.9
2021-08-29,48794.26
2021-08-30,46993.31
2021-08-31,47159.26
2021-09-01,48840.01
2021-09-02,49280.77
2021-09-03,50019.51
2021-09-04,49935.29
2021-09-05,51784.16
2021-09-06,52693.32
2021-09-07,46856.31
2021-09-08,46073.45
2021-09-09,46392.85
2021-09-10,44853.1
2021-09-11,45166.12
2021-09-12,46049.72
2021-09-13,44958.56
2021-09-14,47129.01
2021-09-15,48148.45
2021-09-16,47764.47
2021-09-17,47297.98
2021-09-18,48312.46
2021-09-19,47251.76
2021-09-20,42925.46
2021-09-21,40709.59
2021-09-22,43576.15
2021-09-23,44893.87
2021-09-24,42848.41
2021-09-25,42721.91
2021-09-26,43201.79
2021-09-27,42187.51
2021-09-28,41056.79
2021-09-29,41539.43
2021-09-30,43829.34
2021-10-01,48164.35
2021-10-02,47669.02
2021-10-03,48234.05
2021-10-04,49276.91
2021-10-05,51504.27
2021-10-06,55345.85
2021-10-07,53797.21
2021-10-08,53949.29
2021-10-09,54968.04
2021-10-10,54700.24
2021-10-11,57498.8
2021-10-12,56010.9
2021-10-13,57369
2021-10-14,57359.21
2021-10-15,61684.96
2021-10-16,60877.77
2021-10-17,61520.54
2021-10-18,62038.16
2021-10-19,64283.97
2021-10-20,66021.02
2021-10-21,62283.96
2021-10-22,60693.59
2021-10-23,61313.09
2021-10-24,60863.56
2021-10-25,63089.04
2021-10-26,60315.68
2021-10-27,58464.42
2021-10-28,60610.11
2021-10-29,62282.5
2021-10-30,61891.91
2021-10-31,61349.75
2021-11-01,60960.98
2021-11-02,63260.05
2021-11-03,62929.93
2021-11-04,61448.47
2021-11-05,61019.66
2021-11-06,61529.76
2021-11-07,63302.78
2021-11-08,67549.14
2021-11-09,66939.24
2021-11-10,64926.06
2021-11-11,64820.8
2021-11-12,64156.3
2021-11-13,64409.56
2021-11-14,65509.06
2021-11-15,63614.06
2021-11-16,60108.9
2021-11-17,60365.6
2021-11-18,56930.68
2021-11-19,58136.22
2021-11-20,59769.66
2021-11-21,58700.83
2021-11-22,56303.06
2021-11-23,57566.6
2021-11-24,57175.09
2021-11-25,58966.99
2021-11-26,53788.22
2021-11-27,54805.03
2021-11-28,57331.41
2021-11-29,57839.55
2021-11-30,56975.35
2021-12-01,57227.97
2021-12-02,56522.76
2021-12-03,53663.25
2021-12-04,49243.39
2021-12-05,49465.5
2021-12-06,50552.83
2021-12-07,50633.01
2021-12-08,50513.04
2021-12-09,47593.85
2021-12-10,47191.14
2021-12-11,49398.4
2021-12-12,50109.99
2021-12-13,46731.03
2021-12-14,48387.69
2021-12-15,48885.05
2021-12-16,47635.92
2021-12-17,46164.14
2021-12-18,46861.62
2021-12-19,46697.13
2021-12-20,46913.54
2021-12-21,48917.48
2021-12-22,48614.97
2021-12-23,50830.2
2021-12-24,50840.36
2021-12-25,50431.63
2021-12-26,50790.88
2021-12-27,50714.73
2021-12-28,47536.39
2021-12-29,46471.7
2021-12-30,47129.66
2021-12-31,46197.31
2022-01-01,47737.35
2022-01-02,47306.41
2022-01-03,46450.79
2022-01-04,45824.54
2022-01-05,43432.51
2022-01-06,43094.54
2022-01-07,41543.79
2022-01-08,41686.67
2022-01-09,41869.6
2022-01-10,41832.59
2022-01-11,42743.03
2022-01-12,43919.67
2022-01-13,42575.61
2022-01-14,43089.83
2022-01-15,43088.74
2022-01-16,43100.36
2022-01-17,42224.38
2022-01-18,42372.75
2022-01-19,41674.8
2022-01-20,40697.03
2022-01-21,36469.3
2022-01-22,35075.92
2022-01-23,36288.15
2022-01-24,36702.79
2022-01-25,36975.99
2022-01-26,36829.37
2022-01-27,37189.85
2022-01-28,37744.7
2022-01-29,38184.86
2022-01-30,37908.44
2022-01-31,38494.66
2022-02-01,38721.49
2022-02-02,36918.19
2022-02-03,37328.64
2022-02-04,41590.34
2022-02-05,41418.21
2022-02-06,42412.41
2022-02-07,43861.07
2022-02-08,44080.12
2022-02-09,44422.91
2022-02-10,43531.67
2022-02-11,42398.98
2022-02-12,42239.01
2022-02-13,42069.84
2022-02-14,42552.28
2022-02-15,44576.33
2022-02-16,43896.34
2022-02-17,40545.09
2022-02-18,39994.66
2022-02-19,40107.12
2022-02-20,38397.25
2022-02-21,37037.39
2022-02-22,38267.75
2022-02-23,37270.85
2022-02-24,38353.62
2022-02-25,39239.77
2022-02-26,39134.83
2022-02-27,37714.96
2022-02-28,43189.46
2022-03-01,44428.47
2022-03-02,43935.37
2022-03-03,42474.37
2022-03-04,39154.4
2022-03-05,39407.02
2022-03-06,38428.92
2022-03-07,38030.63
2022-03-08,38748.52
2022-03-09,41962.85
2022-03-10,39443.42
2022-03-11,38741.03
2022-03-12,38805.53
2022-03-13,37796.31
2022-03-14,39696.28
2022-03-15,39314.86
2022-03-16,41133.64
2022-03-17,40956.79
2022-03-18,41790.97
2022-03-19,42235.02
2022-03-20,41243.16
2022-03-21,41043.9
2022-03-22,42380.11
2022-03-23,42904.1
2022-03-24,44006.77
2022-03-25,44331.36
2022-03-26,44542.31
2022-03-27,46842.14
2022-03-28,47128.71
2022-03-29,47445.3
2022-03-30,47056.41
2022-03-31,45522.65
2022-04-01,46299.75
2022-04-02,45822.28
2022-04-03,46414.26
2022-04-04,46609.36
2022-04-05,45501.58
2022-04-06,43177.78
2022-04-07,43466.21
2022-04-08,42273.38
2022-04-09,42768.61
2022-04-10,42153.77
2022-04-11,39536.71
2022-04-12,40086.66
2022-04-13,41150.33
2022-04-14,39951.63
2022-04-15,40563.69
2022-04-16,40392.55
2022-04-17,39688.16
2022-04-18,40811.03
2022-04-19,41504.44
2022-04-20,41375.35
2022-04-21,40490.97
2022-04-22,39716.04
2022-04-23,39445.97
2022-04-24,39466.26
2022-04-25,40437.52
2022-04-26,38117.39
2022-04-27,39252.04
2022-04-28,39749.75
2022-04-29,38594.22
2022-04-30,37650.13
2022-05-01,38480.53
2022-05-02,38513.01
2022-05-03,37725.38
2022-05-04,39680.21
2022-05-05,36546.86
2022-05-06,36009.89
2022-05-07,35469.21
2022-05-08,34033.77
2022-05-09,30076.9
2022-05-10,31013.12
2022-05-11,29017.21
2022-05-12,28915.72
2022-05-13,29244.83
2022-05-14,30050.31
2022-05-15,31296.11
2022-05-16,29838.5
2022-05-17,30415.91
2022-05-18,28667.29
2022-05-19,30282.48
2022-05-20,29166.15
2022-05-21,29410.72
2022-05-22,30264.29
2022-05-23,29075.68
2022-05-24,29630.05
2022-05-25,29508.27
2022-05-26,29188.71
2022-05-27,28597.33
2022-05-28,29013.53
2022-05-29,29452.23
2022-05-30,31716.41
2022-05-31,31782.16
2022-06-01,29789.58
2022-06-02,30439.63
2022-06-03,29680.3
2022-06-04,29845.48
2022-06-05,29897.9
2022-06-06,31353.78
2022-06-07,31111.75
2022-06-08,30189.27
2022-06-09,30082.94
2022-06-10,29067.38
2022-06-11,28389.49
2022-06-12,26587.35
2022-06-13,22471.59
2022-06-14,22118.37
2022-06-15,22566.73
2022-06-16,20372.85
2022-06-17,20432.26
2022-06-18,18954.25
2022-06-19,20553.48
2022-06-20,20550.91
2022-06-21,20699.21
2022-06-22,19956.16
2022-06-23,21098.41
2022-06-24,21219.46
2022-06-25,21474.19
2022-06-26,21031.85
2022-06-27,20718.16
2022-06-28,20251.96
2022-06-29,20094.16
2022-06-30,19908.49
2022-07-01,19249.33
2022-07-02,19225.66
2022-07-03,19294.21
2022-07-04,20212.81
2022-07-05,20158.69
2022-07-06,20545.04
2022-07-07,21611.8
2022-07-08,21592.65
2022-07-09,21582.17
2022-07-10,20846.53
2022-07-11,19944.25
2022-07-12,19309.71
2022-07-13,20230.81
2022-07-14,20577.38
2022-07-15,20827.27
2022-07-16,21199.01
2022-07-17,20792.81
2022-07-18,22447.39
2022-07-19,23399.91
2022-07-20,23222.77
2022-07-21,23153.54
2022-07-22,22686.32
2022-07-23,22452.14
2022-07-24,22585.4
2022-07-25,21305.59
2022-07-26,21258.08
2022-07-27,22960.19
2022-07-28,23855.65
2022-07-29,23769.15
2022-07-30,23646.03
2022-07-31,23308.14
2022-08-01,23271.57
2022-08-02,22991.49
2022-08-03,22825.25
2022-08-04,22622.99
2022-08-05,23319.22
2022-08-06,22956.4
2022-08-07,23179.86
2022-08-08,23817.72
2022-08-09,23156.66
2022-08-10,23959.67
2022-08-11,23943.36
2022-08-12,24412.17
2022-08-13,24449.86
2022-08-14,24313.71
2022-08-15,24101.69
2022-08-16,23858.64
2022-08-17,23338.03
2022-08-18,23201.51
2022-08-19,20833.43
2022-08-20,21142.06
2022-08-21,21514.79
2022-08-22,21399.66
2022-08-23,21520.62
2022-08-24,21369.05
2022-08-25,21565.47
2022-08-26,20247.99
2022-08-27,20038.42
2022-08-28,19554.08
2022-08-29,20292.37
2022-08-30,19813.51
2022-08-31,20050.28
2022-09-01,20129.93
2022-09-02,19957.44
2022-09-03,19834.79
2022-09-04,20003.46
2022-09-05,19793.29
2022-09-06,18791.95
2022-09-07,19287.52
2022-09-08,19321.77
2022-09-09,21369.73
2022-09-10,21655.13
2022-09-11,21836.45
2022-09-12,22400.52
2022-09-13,20173.77
2022-09-14,20233.68
2022-09-15,19700.15
2022-09-16,19804.02
2022-09-17,20118.35
2022-09-18,19417.72
2022-09-19,19541.28
2022-09-20,18879.95
2022-09-21,18468.05
2022-09-22,19405.96
2022-09-23,19291.13
2022-09-24,18924.39
2022-09-25,18809.94
2022-09-26,19230.96
2022-09-27,19081.4
2022-09-28,19412.67
2022-09-29,19593.46
2022-09-30,19425.63
2022-10-01,19313.96
2022-10-02,19058.15
2022-10-03,19632.35
2022-10-04,20344.58
2022-10-05,20160.74
2022-10-06,19965.12
2022-10-07,19532.81
2022-10-08,19419.32
2022-10-09,19442.41
2022-10-10,19131.36
2022-10-11,19058.29
2022-10-12,19154.85
2022-10-13,19378.91
2022-10-14,19182.01
2022-10-15,19069.72
2022-10-16,19264.26
2022-10-17,19550.49
2022-10-18,19330.29
2022-10-19,19123.89
2022-10-20,19043.54
2022-10-21,19166.4
2022-10-22,19207.57
2022-10-23,19572.6
2022-10-24,19331.06
2022-10-25,20087.18
2022-10-26,20776.76
2022-10-27,20295.28
2022-10-28,20599.89
2022-10-29,20820.19
2022-10-30,20630.65
2022-10-31,20492.56
2022-11-01,20480.27
2022-11-02,20150.33
2022-11-03,20207.99
2022-11-04,21150.6
2022-11-05,21301.57
2022-11-06,20910.59
2022-11-07,20593.73
2022-11-08,18544.7
2022-11-09,15820.02
2022-11-10,17559.67
2022-11-11,17007.72
2022-11-12,16773.9
2022-11-13,16307.47
2022-11-14,16592.04
2022-11-15,16879.14
2022-11-16,16648.05
2022-11-17,16680.21
2022-11-18,16677.95
2022-11-19,16683.72
2022-11-20,16253.6
2022-11-21,15760.19
2022-11-22,16198.25
2022-11-23,16590.98
2022-11-24,16588.46
2022-11-25,16508.33
2022-11-26,16451.53
2022-11-27,16420.87
2022-11-28,16207.01
2022-11-29,16431.79
2022-11-30,17162.35
2022-12-01,16978.64
2022-12-02,17094.49
2022-12-03,16888.31
2022-12-04,17111.76
2022-12-05,16966.84
2022-12-06,17086.52
2022-12-07,16837.85
2022-12-08,17226.02
2022-12-09,17126.85
2022-12-10,17129.19
2022-12-11,17094.83
2022-12-12,17208.66
2022-12-13,17775.32
2022-12-14,17801.37
2022-12-15,17359.21
2022-12-16,16658.44
2022-12-17,16780.55
2022-12-18,16742.74
2022-12-19,16442.79
2022-12-20,16901.12
2022-12-21,16821.13
2022-12-22,16816.01
2022-12-23,16780.97
2022-12-24,16837.16
2022-12-25,16829.1
2022-12-26,16916.07
2022-12-27,16700.54
2022-12-28,16540.47
2022-12-29,16631.24
2022-12-30,16599.47
2022-12-31,16531.31
2023-01-01,16613.87
2023-01-02,16670.08
2023-01-03,16670.16
2023-01-04,16846.82
2023-01-05,16825.87
2023-01-06,16946.16
2023-01-07,16942.73
2023-01-08,17115.81
2023-01-09,17179.03
2023-01-10,17442.44
2023-01-11,17938
2023-01-12,18849
2023-01-13,19932.05
2023-01-14,20954.52
2023-01-15,20878.94
2023-01-16,21188.92
2023-01-17,21136.12
2023-01-18,20678.47
2023-01-19,21082.28
2023-01-20,22676.2
2023-01-21,22789.92
2023-01-22,22714.99
2023-01-23,22917.47
2023-01-24,22637.8
2023-01-25,23066.28
2023-01-26,23009.15
2023-01-27,23077.75
2023-01-28,23031.02
2023-01-29,23747.26
2023-01-30,22833.34
2023-01-31,23129.7
2023-02-01,23730.52
2023-02-02,23470.8
2023-02-03,23437.21
2023-02-04,23332.1
2023-02-05,22940.79
2023-02-06,22761.44
2023-02-07,23252.78
2023-02-08,22961.13
2023-02-09,21807.55
2023-02-10,21634.86
2023-02-11,21862.19
2023-02-12,21790.14
2023-02-13,21787.77
2023-02-14,22208.56
2023-02-15,24332.21
2023-02-16,23533.22
2023-02-17,24578.28
2023-02-18,24638.27
2023-02-19,24287.53
2023-02-20,24838.09
2023-02-21,24450.5
2023-02-22,24186.92
2023-02-23,23941.1
2023-02-24,23189.78
2023-02-25,23167.45
2023-02-26,23557.39
2023-02-27,23490.07
2023-02-28,23134.2
2023-03-01,23641.2
2023-03-02,23467.22
2023-03-03,22361.45
2023-03-04,22351.08
2023-03-05,22433.65
2023-03-06,22410.34
2023-03-07,22200.87
2023-03-08,21707.57
2023-03-09,20369.38
2023-03-10,20207.71
2023-03-11,20610.5
2023-03-12,22180.75
2023-03-13,24205.82
2023-03-14,24758.71
2023-03-15,24369.16
2023-03-16,25051.31
2023-03-17,27440.55
2023-03-18,26973.38
2023-03-19,28037.32
2023-03-20,27807.29
2023-03-21,28185.99
2023-03-22,27317.37
2023-03-23,28345.69
2023-03-24,27491.73
2023-03-25,27493.43
2023-03-26,27996.81
2023-03-27,27145.09
2023-03-28,27274.9
2023-03-29,28355.87
2023-03-30,28037.46
2023-03-31,28477.29
2023-04-01,28465.3
2023-04-02,28186.76
2023-04-03,27810.08
2023-04-04,28178.13
2023-04-05,28181.03
2023-04-06,28045.06
2023-04-07,27910.62
2023-04-08,27953.79
2023-04-09,28341.05
2023-04-10,29654.81
2023-04-11,30226.1
2023-04-12,29905.2
2023-04-13,30404.37
2023-04-14,30493.01
2023-04-15,30321.23
2023-04-16,30322.77
2023-04-17,29446.77
2023-04-18,30396.77
2023-04-19,28828.2
2023-04-20,28245.06
2023-04-21,27260.85
2023-04-22,27818.87
2023-04-23,27596.71
2023-04-24,27520.33
2023-04-25,28308.39
2023-04-26,28433.41
2023-04-27,29485.09
2023-04-28,29339.91
2023-04-29,29250.94
2023-04-30,29234.41
2023-05-01,28086.19
2023-05-02,28694.85
2023-05-03,29041
2023-05-04,28866.54
2023-05-05,29550.84
2023-05-06,28943.94
2023-05-07,28574.43
2023-05-08,27781
2023-05-09,27679.75
2023-05-10,27628.13
2023-05-11,26992.24
2023-05-12,26807.89
2023-05-13,26789.55
2023-05-14,26932.09
2023-05-15,27175.06
2023-05-16,27036.63
2023-05-17,27404.35
2023-05-18,26821.85
2023-05-19,26887.96
2023-05-20,27117.18
2023-05-21,26755.7
2023-05-22,26855.83
2023-05-23,27224.64
2023-05-24,26326.59
2023-05-25,26480.31
2023-05-26,26721.25
2023-05-27,26872.08
2023-05-28,28077.15
2023-05-29,27746.07
2023-05-30,27702.14
2023-05-31,27220.7
2023-06-01,26826.95
2023-06-02,27251.31
2023-06-03,27078.29
2023-06-04,27126.86
2023-06-05,25740.49
2023-06-06,27264
2023-06-07,26349.52
2023-06-08,26507.99
2023-06-09,26483.95
2023-06-10,25856.35
2023-06-11,25936.78
2023-06-12,25905.8
2023-06-13,25925.2
2023-06-14,25126.91
2023-06-15,25575.24
2023-06-16,26329.75
2023-06-17,26510.42
2023-06-18,26338.27
2023-06-19,26837.26
2023-06-20,28318.58
2023-06-21,30000.86
2023-06-22,29893.34
2023-06-23,30700.29
2023-06-24,30548.03
2023-06-25,30473.33
2023-06-26,30274.61
2023-06-27,30698.21
2023-06-28,30080.24
2023-06-29,30446.53
2023-06-30,30471
2023-07-01,30590.71
2023-07-02,30618.42
2023-07-03,31158.79
2023-07-04,30775.24
2023-07-05,30503.07
2023-07-06,29907.98
2023-07-07,30349.69
2023-07-08,30294.36
2023-07-09,30171.49
2023-07-10,30421.04
2023-07-11,30626.62
2023-07-12,30385.22
2023-07-13,31475.78
2023-07-14,30331.09
2023-07-15,30298.45
2023-07-16,30248.17
2023-07-17,30147.68
2023-07-18,29863.79
2023-07-19,29918.6
2023-07-20,29809.61
2023-07-21,29911.46
2023-07-22,29791.61
2023-07-23,30085.68
2023-07-24,29181.04
2023-07-25,29226.63
2023-07-26,29352.06
2023-07-27,29217.05
2023-07-28,29316.82
2023-07-29,29358.76
2023-07-30,29283.34
2023-07-31,29231.47
2023-08-01,29699.74
2023-08-02,29163.69
2023-08-03,29177.75
2023-08-04,29078.51
2023-08-05,29050.34
2023-08-06,29046.16
2023-08-07,29182.16
2023-08-08,29770.51
2023-08-09,29566.47
2023-08-10,29428.1
2023-08-11,29403.56
2023-08-12,29417.08
2023-08-13,29281.55
2023-08-14,29409.22
2023-08-15,29171.23
2023-08-16,28702.8
2023-08-17,26629.67
2023-08-18,26049.69
2023-08-19,26095.8
2023-08-20,26191.01
2023-08-21,26126.18
2023-08-22,26043.01
2023-08-23,26429.4
2023-08-24,26166.22
2023-08-25,26051.29
2023-08-26,26010.35
2023-08-27,26091.32
2023-08-28,26106
2023-08-29,27724.41
2023-08-30,27305.41
2023-08-31,25937.29
2023-09-01,25798.79
2023-09-02,25868.56
2023-09-03,25971.37
2023-09-04,25816.24
2023-09-05,25785.01
2023-09-06,25751.71
2023-09-07,26264.75
2023-09-08,25907.13
2023-09-09,25898.41
2023-09-10,25833.67
2023-09-11,25157.07
2023-09-12,25840.34
2023-09-13,26227.49
2023-09-14,26533.66
2023-09-15,26605.49
2023-09-16,26569.13
2023-09-17,26533.12
2023-09-18,26767.82
2023-09-19,27219.02
2023-09-20,27126.4
2023-09-21,26567.47
2023-09-22,26583.16
2023-09-23,26585.41
2023-09-24,26261.44
2023-09-25,26297.93
2023-09-26,26212.59
2023-09-27,26360.2
2023-09-28,27027.2
2023-09-29,26909.4
2023-09-30,26964.27
2023-10-01,27994.51
2023-10-02,27507.22
2023-10-03,27428.66
2023-10-04,27789.8
2023-10-05,27414.59
2023-10-06,27946.61
2023-10-07,27973.69
2023-10-08,27933.57
2023-10-09,27598.77
2023-10-10,27395.4
2023-10-11,26871.21
2023-10-12,26756.23
2023-10-13,26862.9
2023-10-14,26854.52
2023-10-15,27177.41
2023-10-16,28518.37
2023-10-17,28409.46
2023-10-18,28328.07
2023-10-19,28733.78
2023-10-20,29684.37
2023-10-21,29924.08
2023-10-22,30001.44
2023-10-23,33084.08
2023-10-24,33923.52
2023-10-25,34503.4
2023-10-26,34157.06
2023-10-27,33907.7
2023-10-28,34090.05
2023-10-29,34535.38
2023-10-30,34494.56
2023-10-31,34657.73
2023-11-01,35439.76
2023-11-02,34947.15
2023-11-03,34732.28
2023-11-04,35086.09
2023-11-05,35039.47
2023-11-06,35054.59
2023-11-07,35421.85
2023-11-08,35638.33
2023-11-09,36704.14
2023-11-10,37321.51
2023-11-11,37142.22
2023-11-12,37079.76
2023-11-13,36482.51
2023-11-14,35551.21
2023-11-15,37884.19
2023-11-16,36162.42
2023-11-17,36626.32
2023-11-18,36591.19
2023-11-19,37388.64
2023-11-20,37476.66
2023-11-21,35758.72
2023-11-22,37424.2
2023-11-23,37299.18
2023-11-24,37737.05
2023-11-25,37801.92
2023-11-26,37460.21
2023-11-27,37246.29
2023-11-28,37836.63
2023-11-29,37861.9
2023-11-30,37729.58
2023-12-01,38699.84
2023-12-02,39469.35
2023-12-03,39980.93
2023-12-04,41984.41
2023-12-05,44089.06
2023-12-06,43771.01
2023-12-07,43285.02
2023-12-08,44186.18
2023-12-09,43723
2023-12-10,43791.67
2023-12-11,41235.58
2023-12-12,41472.94
2023-12-13,42887.55
2023-12-14,43030.6
2023-12-15,41939.16
2023-12-16,42243.26
2023-12-17,41349.42
2023-12-18,42672.768
2023-12-19,42296.505
2023-12-20,43658.855
2023-12-21,43877.438
2023-12-22,44045.436
2023-12-23,43815.839
2023-12-24,43131.259
2023-12-25,43747.568
2023-12-26,42546.117
2023-12-27,43571.958
2023-12-28,42743.678
2023-12-29,42065.771
2023-12-30,42165.218
2023-12-31,42278.324
2024-01-01,44161.947
2024-01-02,45082.794
2024-01-03,42917.338
2024-01-04,44323.808
2024-01-05,44341.837
2024-01-06,44360.233
2024-01-07,44372.614
2024-01-08,46958.331
2024-01-09,46152.679
2024-01-10,46646.713
2024-01-11,46380.118
2024-01-12,42850.174
2024-01-13,42857.268
2024-01-14,41822.582
2024-01-15,42509.813
2024-01-16,43118.462
2024-01-17,42774.527
2024-01-18,41323.186
2024-01-19,41529.625
2024-01-20,41660.396
2024-01-21,41626.004
2024-01-22,39555.049
2024-01-23,39894.499
2024-01-24,40129.265
2024-01-25,39953.233
2024-01-26,41843.746
2024-01-27,42124.863
2024-01-28,42037.668
2024-01-29,43285.511
2024-01-30,42942.995
2024-01-31,42598.108
2024-02-01,43086.85
2024-02-02,43197.213
2024-02-03,43004.152
2024-02-04,42589.191
2024-02-05,42706.272
2024-02-06,43095.622
2024-02-07,44315.245
2024-02-08,45261.447
2024-02-09,47131.761
2024-02-10,47791.058
2024-02-11,48207.548
2024-02-12,49909.889
2024-02-13,49718.27
2024-02-14,51773.309
2024-02-15,51902.455
2024-02-16,52130.137
2024-02-17,51652.862
2024-02-18,52122.063
2024-02-19,51812.286
2024-02-20,52305.156
2024-02-21,51793.901
2024-02-22,51298.57
2024-02-23,50719.805
2024-02-24,51542.66
2024-02-25,51724.099
2024-02-26,54498.565
2024-02-27,57075.079
2024-02-28,62488.524
2024-02-29,61259.934
2024-03-01,62438.743
2024-03-02,62049.346
2024-03-03,63150.452
2024-03-04,68337.878
2024-03-05,63858.192
2024-03-06,66041.42
2024-03-07,66794.334
2024-03-08,68160.007
2024-03-09,68313.08
2024-03-10,68963.147
2024-03-11,72149.546
2024-03-12,71486.904
2024-03-13,72995.371
2024-03-14,71401.692
2024-03-15,69383.36
2024-03-16,65376.328
2024-03-17,68494.065
2024-03-18,67656.269
2024-03-19,62033.965
2024-03-20,67894.237
2024-03-21,65516.461
2024-03-22,63761.47
2024-03-23,64084.862
2024-03-24,67239.762
2024-03-25,69932.089
2024-03-26,70011.606
2024-03-27,69504.452
2024-03-28,70768.728
2024-03-29,69770.451
2024-03-30,69452.369
2024-03-31,71247.442
2024-04-01,69743.828
2024-04-02,65462.186
2024-04-03,65985.647
2024-04-04,68366.897
2024-04-05,67772.54
2024-04-06,68841.908
2024-04-07,69373.797
2024-04-08,71669.774
2024-04-09,69165.024
2024-04-10,70571.291
2024-04-11,70012.652
2024-04-12,67097.759
2024-04-13,63813.474
2024-04-14,65675.772
2024-04-15,63427.349
2024-04-16,63807.091
2024-04-17,61287.494
2024-04-18,63482.463
2024-04-19,63813.371
2024-04-20,64965.741
2024-04-21,64936.014
2024-04-22,66803.26
2024-04-23,66347.528
2024-04-24,64277.282
2024-04-25,64542.757
2024-04-26,63808.119
2024-04-27,63535.458
2024-04-28,63216.834
2024-04-29,63873.05
2024-04-30,60731.947
2024-05-01,58397.71
2024-05-02,59228.497
2024-05-03,62957.078
2024-05-04,63965.442
2024-05-05,64171.248
2024-05-06,63270.821
2024-05-07,62332.571
2024-05-08,61202.974
2024-05-09,63064.864
2024-05-10,60797.968
2024-05-11,60806.434
2024-05-12,61463.801
2024-05-13,62919.299
2024-05-14,61565.112
2024-05-15,66247.486
2024-05-16,65237.448
2024-05-17,66770.774
2024-05-18,66938.806
2024-05-19,66300.477
2024-05-20,71428.204
2024-05-21,70146.375
2024-05-22,69185.143
2024-05-23,67958.471
2024-05-24,68548.866
2024-05-25,69290.585
2024-05-26,68546.465
2024-05-27,69450.03
2024-05-28,68361.646
2024-05-29,67656.955
2024-05-30,68381.271
2024-05-31,67553.078
2024-06-01,67773.236
2024-06-02,67804.368
2024-06-03,68819.301
2024-06-04,70551.83
2024-06-05,71080.329
2024-06-06,70761.171
2024-06-07,69352.341
2024-06-08,69298.869
2024-06-09,69650.069
2024-06-10,69557.699
2024-06-11,67346.944
2024-06-12,68268.871
2024-06-13,66795.209
2024-06-14,66053.587
2024-06-15,66235.582
2024-06-16,66688.39
2024-06-17,66503.205
2024-06-18,65149.9
2024-06-19,64977.562
2024-06-20,64853.61
2024-06-21,64106.836
2024-06-22,64264.682
2024-06-23,63215.826
2024-06-24,60304.493
2024-06-25,61808.032
2024-06-26,60837.44
2024-06-27,61668.215
2024-06-28,60403.458
2024-06-29,60962.048
2024-06-30,62766.451
2024-07-01,62896.104
2024-07-02,62092.909
2024-07-03,60216.276
2024-07-04,57230.092
2024-07-05,56660.961
2024-07-06,58264.264
2024-07-07,55871.877
2024-07-08,56717.784
2024-07-09,58018.211
2024-07-10,57755.223
2024-07-11,57357.339
2024-07-12,57894.322
2024-07-13,59209.269
2024-07-14,60800.842
2024-07-15,64783.835
2024-07-16,65081.007
2024-07-17,64099.708
2024-07-18,63984.881
2024-07-19,66672.833
2024-07-20,67158.216
2024-07-21,68138.949
2024-07-22,67561.383
2024-07-23,65940.181
2024-07-24,65397.82
2024-07-25,65801.182
2024-07-26,67916.755
2024-07-27,67890.822
2024-07-28,68255.919
2024-07-29,66823.369
2024-07-30,66209.804
2024-07-31,64658.049
2024-08-01,65383.39
2024-08-02,61460.115
2024-08-03,60633.203
2024-08-04,58036.543
2024-08-05,53773.955
2024-08-06,55832.961
2024-08-07,55048.023
2024-08-08,61735.55
2024-08-09,60705.411
2024-08-10,60854.037
2024-08-11,58683.51
2024-08-12,59129.243
2024-08-13,60335.75
2024-08-14,58687.483
2024-08-15,57436.408
2024-08-16,58694.173
2024-08-17,59375.663
2024-08-18,58430.848
2024-08-19,59266.109
2024-08-20,58956.892
2024-08-21,60801.267
2024-08-22,60261.448
2024-08-23,63645.638
2024-08-24,64065.539
2024-08-25,64210.217
2024-08-26,62861.582
2024-08-27,59477.607
2024-08-28,58824.794
2024-08-29,59266.229
2024-08-30,58895.263
2024-08-31,58949.248
2024-09-01,57310.695
2024-09-02,59128.132
2024-09-03,57522.374
2024-09-04,57993.893
2024-09-05,56099.928
2024-09-06,53689.446
2024-09-07,54109.513
2024-09-08,54627.586
2024-09-09,57083.133
2024-09-10,57371.815
2024-09-11,56905.02
2024-09-12,58130.43
2024-09-13,60559.119
2024-09-14,59994.295
2024-09-15,59169.35
2024-09-16,58233.901
2024-09-17,60305.257
2024-09-18,61625.544
2024-09-19,62946.971
2024-09-20,63192.864
2024-09-21,63389.497
2024-09-22,63564.169
2024-09-23,63333.035
2024-09-24,64319.793
2024-09-25,63154.042
2024-09-26,65158.187
2024-09-27,65810.071
2024-09-28,65908.84
2024-09-29,65639.44
2024-09-30,63337.542
2024-10-01,60869.473
2024-10-02,60673.706
2024-10-03,60779.113
2024-10-04,62096.435
2024-10-05,62078.74
2024-10-06,62828.679
2024-10-07,62273.691
2024-10-08,62160.892
2024-10-09,60638.039
2024-10-10,60322.683
2024-10-11,62481.828
2024-10-12,63217.36
2024-10-13,62885.815
2024-10-14,66077.806
2024-10-15,67036.149
2024-10-16,67629.649
2024-10-17,67381.527
2024-10-18,68438.336
2024-10-19,68378.479
2024-10-20,69017.62
2024-10-21,67392.322
2024-10-22,67405.92
2024-10-23,66697.615
2024-10-24,68192.584
2024-10-25,66691.371
2024-10-26,67093.55
2024-10-27,68008.698
2024-10-28,69947.767
2024-10-29,72757.377
2024-10-30,72372.293
2024-10-31,70325.677
2024-11-01,69538.677
2024-11-02,69357.904
2024-11-03,68793.71
2024-11-04,67841.176
2024-11-05,69397.952
2024-11-06,75578.74
2024-11-07,75898.6
2024-11-08,76528.931
2024-11-09,76710.379
2024-11-10,80415.174
2024-11-11,88628.591
2024-11-12,87996.829
2024-11-13,90449.736
2024-11-14,87239.014
2024-11-15,91037.341
2024-11-16,90540.414
2024-11-17,89847.695
2024-11-18,90542.941
2024-11-19,92269.163
2024-11-20,94284.16
2024-11-21,98439.599
2024-11-22,98937.612
2024-11-23,97736.401
2024-11-24,97945.831
2024-11-25,93094.412
2024-11-26,92017.353
2024-11-27,95916.214
2024-11-28,95661.881
2024-11-29,97454.749
2024-11-30,96449.11
2024-12-01,97263.009
2024-12-02,95839.89
2024-12-03,95924.726
2024-12-04,98716.444
2024-12-05,96985.598
2024-12-06,99830.409
2024-12-07,99866.699
2024-12-08,101187.357
2024-12-09,97428.262
2024-12-10,96632.549
2024-12-11,101158.583
2024-12-12,100031.694
2024-12-13,101366.97
2024-12-14,101393.857
2024-12-15,104454.857
2024-12-16,106033.19
2024-12-17,106142.507
2024-12-18,100250.028
2024-12-19,97665.588
2024-12-20,97794.575
2024-12-21,97262.992
2024-12-22,95184.577
2024-12-23,94786.932
2024-12-24,98673.645
2024-12-25,99435.584
2024-12-26,95772.372
2024-12-27,94266.003
2024-12-28,95271.294
2024-12-29,93709.502
2024-12-30,92757.256
2024-12-31,93586.326
2025-01-01,94601.941
2025-01-02,96979.185
2025-01-03,98179.873
2025-01-04,98263.65
2025-01-05,98382.395
2025-01-06,102243.199
2025-01-07,96955.97
2025-01-08,95087.579
2025-01-09,92486.335
2025-01-10,94737.599
2025-01-11,94593.304
2025-01-12,94532.122
2025-01-13,94552.744
2025-01-14,96549.051
2025-01-15,100457.389
2025-01-16,100023.467
2025-01-17,104127.236
2025-01-18,104509.108
2025-01-19,101365.646
2025-01-20,102220.566
2025-01-21,106154.154
2025-01-22,103695.656
2025-01-23,104000.856
2025-01-24,104855.533
2025-01-25,104758.213
2025-01-26,102663.1
2025-01-27,102097.07
2025-01-28,101362.523
2025-01-29,103750.36
2025-01-30,104770.263
2025-01-31,102422.596
2025-02-01,100663.957
2025-02-02,97712.418
2025-02-03,101347.165
2025-02-04,97855.977
2025-02-05,96626.783
2025-02-06,96593.087
2025-02-07,96528.996
2025-02-08,96500.666
2025-02-09,96502.91
2025-02-10,97425.785
2025-02-11,95790.383
2025-02-12,97874.928
2025-02-13,96622.798
2025-02-14,97510.256
2025-02-15,97590.693
2025-02-16,96165.996
2025-02-17,95807.592
2025-02-18,95611.256
2025-02-19,96646.715
2025-02-20,98339.541
2025-02-21,96174.54
2025-02-22,96593.017
2025-02-23,96287.774
2025-02-24,91553.604
2025-02-25,88742.649
2025-02-26,84142.549
2025-02-27,84774.609
2025-02-28,84388.922
2025-03-01,86046.183
2025-03-02,94228.36
2025-03-03,86199.226
2025-03-04,87299.692
2025-03-05,90609.188
2025-03-06,90005.394
2025-03-07,86767.556
2025-03-08,86201.971
2025-03-09,80715.833
2025-03-10,78739.861
2025-03-11,82879.446
2025-03-12,83729.116
2025-03-13,81131.725
2025-03-14,84262.358
2025-03-15,84367.803
2025-03-16,82602.284
2025-03-17,84048.153
2025-03-18,82747.273
2025-03-19,86819.739
2025-03-20,84226.21
2025-03-21,84086.816
2025-03-22,83851.694
2025-03-23,86010.521
2025-03-24,87475.51
2025-03-25,87468.5
2025-03-26,86927.796
2025-03-27,87223.882
2025-03-28,84394.666
2025-03-29,82651.045
2025-03-30,82381.072
2025-03-31,82568.787
2025-04-01,85234.315
2025-04-02,82715.134
2025-04-03,83172.445
2025-04-04,83905.496
2025-04-05,83568.802
2025-04-06,78286.201
2025-04-07,79232.802
2025-04-08,76370.456
2025-04-09,82620.916
2025-04-10,79610.031
2025-04-11,83485.581
2025-04-12,85296.718
2025-04-13,83737.252
2025-04-14,84589.088
2025-04-15,83688.206
2025-04-16,84060.361
2025-04-17,84943.805
2025-04-18,84490.731
2025-04-19,85092.83
2025-04-20,85197.582
2025-04-21,87538.4
2025-04-22,93438.838
2025-04-23,93698.241
2025-04-24,93967.117
2025-04-25,94692.513
2025-04-26,94651.036
2025-04-27,93768.723
2025-04-28,95017.351
2025-04-29,94249.035
2025-04-30,94204.057
2025-05-01,96512.696
2025-05-02,96918.126
2025-05-03,95902.679
2025-05-04,94347.069
2025-05-05,94756.886
2025-05-06,96798.314
2025-05-07,97151.387
2025-05-08,103043.546
2025-05-09,102912.25
2025-05-10,104643.268
2025-05-11,104027.826
2025-05-12,102776.643
2025-05-13,103897.142
2025-05-14,103354.553
2025-05-15,103783.769
2025-05-16,103501.105
2025-05-17,103169.299
2025-05-18,106471.533
2025-05-19,105600.367
2025-05-20,106824.256
2025-05-21,109669.926
2025-05-22,111717.449
2025-05-23,107311.102
2025-05-24,107793.68
2025-05-25,109037.486
2025-05-26,109490.721
2025-05-27,108978.798
2025-05-28,107824.497
2025-05-29,105630.97
2025-05-30,104027.972
2025-05-31,104642.096
2025-06-01,105669.208
2025-06-02,105896.26
2025-06-03,105427.112
2025-06-04,104742.29
2025-06-05,101574.036
2025-06-06,104357.685
2025-06-07,105602.121
2025-06-08,105772.171
2025-06-09,110292.859
2025-06-10,109767.101
2025-06-11,108695.949
2025-06-12,105818.169
2025-06-13,106103.461
2025-06-14,105425.627
2025-06-15,105599.672
2025-06-16,106802.534
2025-06-17,104606.733
2025-06-18,104908.386
2025-06-19,104706.967
2025-06-20,103331.668
2025-06-21,102056.191
2025-06-22,100972.013
2025-06-23,105412.91
2025-06-24,106071.583
2025-06-25,107349.76
2025-06-26,106974.811
2025-06-27,107083.854
2025-06-28,107334.212
2025-06-29,108369.516
2025-06-30,107159.736
2025-07-01,105720.322
2025-07-02,108849.655
2025-07-03,109635.447
2025-07-04,108021.969
2025-07-05,108221.849
2025-07-06,109237.991
2025-07-07,108056.291
2025-07-08,108964.669
2025-07-09,111268.257
2025-07-10,113369.267
2025-07-11,117557.103
2025-07-12,117417.806
2025-07-13,118623.267
2025-07-14,119882.382
2025-07-15,117854.117
2025-07-16,118702.37
2025-07-17,119242.561
2025-07-18,117735.361
2025-07-19,117841.978
2025-07-20,117550.47
2025-07-21,117413.726
2025-07-22,119877.99
2025-07-23,118599.342
2025-07-24,118351.102
2025-07-25,117642.191
2025-07-26,117930.845
2025-07-27,119440.093
2025-07-28,118011
2025-07-29,117872.711
2025-07-30,117871.447
2025-07-31,116095.244
2025-08-01,113161.488
2025-08-02,112901.722
2025-08-03,114350.479
2025-08-04,115336.023
2025-08-05,114165.351
2025-08-06,115139.11
2025-08-07,117603.693
2025-08-08,116918.731
2025-08-09,116645.331
2025-08-10,119019.762
2025-08-11,118926.002
2025-08-12,119995.468
2025-08-13,123071.068
2025-08-14,118324.049
2025-08-15,117256.591
2025-08-16,117447.732
2025-08-17,117434.625
2025-08-18,116144.171
2025-08-19,113236.809
2025-08-20,114599.733
2025-08-21,112511.432
2025-08-22,116727.961
2025-08-23,115297.092
2025-08-24,113471.563
2025-08-25,110160.992
2025-08-26,111879.471
2025-08-27,111366.679
2025-08-28,112457.951
2025-08-29,108404.385
2025-08-30,108465.329
2025-08-31,108780.25
2025-09-01,109080.379
2025-09-02,111215.636
2025-09-03,111975.928
2025-09-04,111106.536
2025-09-05,110642.954
2025-09-06,110088.926
2025-09-07,111141.849
2025-09-08,112026.358
2025-09-09,111575.032
2025-09-10,113883.136
2025-09-11,115405.166
2025-09-12,116055.901
2025-09-13,115809.759
2025-09-14,115847.855
2025-09-15,115230.065
2025-09-16,116815.049
2025-09-17,116700.409
2025-09-18,117004.264
2025-09-19,115604.152
2025-09-20,115789.362
2025-09-21,115501.409
2025-09-22,112705.255
2025-09-23,112061.214
2025-09-24,113270.271
2025-09-25,109321.196
2025-09-26,109635.207
2025-09-27,109629.752
2025-09-28,112037.927
2025-09-29,114435.974
2025-09-30,113950.71
2025-10-01,117877.955
2025-10-02,120578.999
2025-10-03,122501.475
2025-10-04,122417.449
2025-10-05,123509.237
2025-10-06,124748.854
2025-10-07,121431.058
2025-10-08,123361.832
2025-10-09,121692.393
2025-10-10,112926.108
2025-10-11,110689.065
2025-10-12,115048.08
2025-10-13,115150.503
2025-10-14,113083.964
2025-10-15,110757.102
2025-10-16,108196.725
2025-10-17,107033.901
2025-10-18,107164.63
2025-10-19,109192.042
2025-10-20,110842.015
2025-10-21,109077.827
2025-10-22,107182.407
2025-10-23,109987.976
2025-10-24,111027.325
2025-10-25,111667.695
2025-10-26,114528.764
2025-10-27,114147.185
2025-10-28,112949.575
2025-10-29,110071.906
2025-10-30,107904.575
2025-10-31,109602.131
2025-11-01,110104.334
2025-11-02,110611.131
2025-11-03,106610.651
2025-11-04,101558.645
2025-11-05,103907.142
2025-11-06,101351.757
2025-11-07,103376.825
2025-11-08,102335.16
2025-11-09,104754.784
2025-11-10,106023.042
2025-11-11,103073.164
2025-11-12,101963.695
2025-11-13,99832.965
2025-11-14,95095.787
2025-11-15,95601.223
2025-11-16,94248.214
2025-11-17,92216.331
2025-11-18,93183.038
2025-11-19,91546.044
2025-11-20,88123.514
2025-11-21,84350.983
2025-11-22,85114.131
2025-11-23,87962.8
2025-11-24,88685.639
2025-11-25,87632.782
2025-11-26,90395.978
2025-11-27,91349.865
2025-11-28,90921.415
2025-11-29,90773.077
2025-11-30,91262.741
2025-12-01,86337.861
2025-12-02,91308.255
2025-12-03,93472.257
2025-12-04,92111.79
2025-12-05,89368.958
2025-12-06,89242.078
2025-12-07,90439.224
2025-12-08,90640.188
2025-12-09,92712.068
2025-12-10,92026.999
2025-12-11,92515.523
2025-12-12,90276.724
2025-12-13,90266.556
2025-12-14,88179.1
2025-12-15,86225.656
2025-12-16,87804.99
2025-12-17,86336.003
2025-12-18,85636.282
2025-12-19,88291.075
2025-12-20,88308.679
2025-12-21,88477.561
2025-12-22,88643.211
2025-12-23,87395.744
2025-12-24,87993.329
2025-12-25,87659.226
2025-12-26,87485.394
2025-12-27,87606.666
2025-12-28,87907
2025-12-29,87357.432
2025-12-30,88409.463
2025-12-31,87703.644
2026-01-01,88826.491
2026-01-02,89985.059
2026-01-03,90620.755
2026-01-04,91472.303
2026-01-05,93888.795
2026-01-06,93769.041
2026-01-07,91369.731
2026-01-08,91088.186
2026-01-09,90611.085
2026-01-10,90487.329
2026-01-11,90939.254
2026-01-12,91272.458
2026-01-13,95387.528
2026-01-14,96930.193
2026-01-15,95591.132
2026-01-16,95557.845
2026-01-17,95149.066
2026-01-18,93686.614
2026-01-19,92625.942
2026-01-20,88430.639
2026-01-21,89449.795
2026-01-22,89545.812
2026-01-23,89593.868
2026-01-24,89273.733
2026-01-25,86664.978
2026-01-26,88379.733
2026-01-27,89234.223
2026-01-28,89270.025
2026-01-29,84698.26
2026-01-30,84249.006
2026-01-31,78730.911
2026-02-01,76972.82
2026-02-02,78731.432
2026-02-03,75735.527
2026-02-04,73202.138
2026-02-05,62925.781
2026-02-06,70566.548
2026-02-07,69308.544
2026-02-08,70395.983
2026-02-09,70137.394
2026-02-10,68823.215
2026-02-11,67021.686
2026-02-12,66255.807
2026-02-13,68888.06
2026-02-14,69793.537
2026-02-15,68799.914
2026-02-16,68888.443
2026-02-17,67507.954
2026-02-18,66465.058
2026-02-19,66975.736
2026-02-20,68025.216
2026-02-21,68004.402
2026-02-22,67633.134
2026-02-23,64596.041
2026-02-24,64065.334
2026-02-25,67958.335
2026-02-26,67462.042
2026-02-27,65871.383
2026-02-28,66977.24
2026-03-01,65724.444
2026-03-02,68822.755
2026-03-03,68305.686
2026-03-04,72704.528
2026-03-05,70857.293
2026-03-06,68125.275
2026-03-07,67264.969
2026-03-08,65981.087
2026-03-09,68413.353
2026-03-10,69920.662
2026-03-11,70191.985
2026-03-12,70509.302
2026-03-13,70946.676
2026-03-14,71196.652
2026-03-15,72786.696
2026-03-16,74841.174
2026-03-17,73925.507
2026-03-18,71254.567
2026-03-19,69913.901
2026-03-20,70527.198
2026-03-21,68941.663
2026-03-22,67869.879
2026-03-23,70900.191
2026-03-24,70563.051
2026-03-25,71343.94
2026-03-26,68820.321
2026-03-27,66385.718
2026-03-28,66366.428
2026-03-29,66003.105
2026-03-30,66767.145
2026-03-31,68274.036
2026-04-01,68108.24
2026-04-02,66894.005
2026-04-03,66946.955
2026-04-04,67299.627
2026-04-05,68993.836
2026-04-06,68860.417
2026-04-07,71970.976
2026-04-08,71110.108
2026-04-09,71780.014
2026-04-10,72947.564
2026-04-11,73037.464
2026-04-12,70740.497
2026-04-13,74491.64
2026-04-14,74148.518
2026-04-15,74804.464
2026-04-16,75129.427
2026-04-17,77113.124
2026-04-18,75714.217
2026-04-19,73870.67
2026-04-20,75854.777
2026-04-21,76331.676
2026-04-22,78206.538
2026-04-23,78251.47
2026-04-24,77433.699
2026-04-25,77609.152
2026-04-26,78657.394
2026-04-27,77394.173
2026-04-28,76350.767
2026-04-29,75796.341
2026-04-30,76335.809
2026-05-01,78212.811
2026-05-02,78686.36
2026-05-03,78576.08
2026-05-04,79843.012
2026-05-05,80919.078
2026-05-06,81438.252
2026-05-07,80019.521
2026-05-08,80191.793
2026-05-09,80676.586
2026-05-10,82174.833
2026-05-11,81745.009
2026-05-12,80491.382
2026-05-13,79311.159
2026-05-14,81079.02
2026-05-15,79111.475
2026-05-16,78161.005
2026-05-17,77460.097
2026-05-18,76991.283
2026-05-19,76825.99
2026-05-20,77536.507
2026-05-21,77636.32
2026-05-22,75548.064
2026-05-23,76743.878
2026-05-24,77084.64
2026-05-25,77329.916
2026-05-26,75915.742
2026-05-27,74433.728
2026-05-28,73612.757
2026-05-29,73460.607
2026-05-30,73847.92
2026-05-31,73664.528
2026-06-01,71432.362
2026-06-02,66746.785
2026-06-03,64122.76
2026-06-04,63862.629
2026-06-05,61016.049
2026-06-06,60891.429
2026-06-07,63267.806
2026-06-08,63076.353
2026-06-09,61705.627
2026-06-10,61521.365
2026-06-11,63612.161
2026-06-12,63565.968
2026-06-13,64424.607
2026-06-14,65751.137
2026-06-15,66333.143
2026-06-16,65659.55
2026-06-17,64480.779
2026-06-18,62950.698
2026-06-19,63467.261
2026-06-20,64299.624
2026-06-21,63297.042
2026-06-22,64017.21
2026-06-23,62727.121
2026-06-24,61039.61
2026-06-25,59798.088
2026-06-26,60092.411
2026-06-27,60022.732
2026-06-28,59584.06
2026-06-29,60214.715
2026-06-30,58630.902
2026-07-01,60030.507
2026-07-02,61557.381
2026-07-03,62609.502
2026-07-04,63149.262
2026-07-05,63609.118
2026-07-06,64033.963
2026-07-07,63352.758
2026-07-08,62302.624
2026-07-09,63257.018
2026-07-10,64153.658
2026-07-11,63848.05
2026-07-12,63789.817
2026-07-13,61950.68